experiment_name,camera_id,source,frame_id,timestamp,processed_at,width,height,person_count,processing_time_ms,annotated_frame,bounding_boxes_json
crowd_city_20260611_013614,camera_01,data\video\crowd_city.mp4,1,2026-06-11T01:36:31,2026-06-11T01:36:31,2160,3840,8,211.61,output\experiments\crowd_city_20260611_013614\annotated_frames\camera_01_frame_000001.jpg,"[{""x1"": 118.7, ""y1"": 2138.76, ""x2"": 599.9, ""y2"": 3554.82, ""confidence"": 0.8587, ""class_id"": 0, ""class_name"": ""person""}, {""x1"": 1265.87, ""y1"": 2115.61, ""x2"": 1722.98, ""y2"": 3538.56, ""confidence"": 0.8448, ""class_id"": 0, ""class_name"": ""person""}, {""x1"": 525.67, ""y1"": 2033.98, ""x2"": 917.9, ""y2"": 3437.57, ""confidence"": 0.8287, ""class_id"": 0, ""class_name"": ""person""}, {""x1"": 893.84, ""y1"": 2046.44, ""x2"": 1284.16, ""y2"": 3474.86, ""confidence"": 0.8198, ""class_id"": 0, ""class_name"": ""person""}, {""x1"": 1755.93, ""y1"": 2105.54, ""x2"": 2005.19, ""y2"": 2929.21, ""confidence"": 0.5793, ""class_id"": 0, ""class_name"": ""person""}, {""x1"": 1821.73, ""y1"": 2399.49, ""x2"": 2158.96, ""y2"": 3316.33, ""confidence"": 0.5305, ""class_id"": 0, ""class_name"": ""person""}, {""x1"": 1665.27, ""y1"": 2105.47, ""x2"": 1847.08, ""y2"": 2909.96, ""confidence"": 0.4945, ""class_id"": 0, ""class_name"": ""person""}, {""x1"": 33.91, ""y1"": 1941.64, ""x2"": 190.72, ""y2"": 2215.3, ""confidence"": 0.2675, ""class_id"": 0, ""class_name"": ""person""}]"
crowd_city_20260611_013614,camera_01,data\video\crowd_city.mp4,2,2026-06-11T01:36:31,2026-06-11T01:36:32,2160,3840,7,129.32,output\experiments\crowd_city_20260611_013614\annotated_frames\camera_01_frame_000002.jpg,"[{""x1"": 116.94, ""y1"": 2142.73, ""x2"": 602.53, ""y2"": 3566.02, ""confidence"": 0.8602, ""class_id"": 0, ""class_name"": ""person""}, {""x1"": 1267.54, ""y1"": 2116.29, ""x2"": 1734.91, ""y2"": 3539.15, ""confidence"": 0.846, ""class_id"": 0, ""class_name"": ""person""}, {""x1"": 886.19, ""y1"": 2051.34, ""x2"": 1300.32, ""y2"": 3475.52, ""confidence"": 0.8127, ""class_id"": 0, ""class_name"": ""person""}, {""x1"": 521.21, ""y1"": 2032.99, ""x2"": 916.42, ""y2"": 3440.08, ""confidence"": 0.7981, ""class_id"": 0, ""class_name"": ""person""}, {""x1"": 1755.62, ""y1"": 2104.9, ""x2"": 2004.86, ""y2"": 2938.2, ""confidence"": 0.6186, ""class_id"": 0, ""class_name"": ""person""}, {""x1"": 1824.1, ""y1"": 2415.42, ""x2"": 2159.98, ""y2"": 3327.83, ""confidence"": 0.5019, ""class_id"": 0, ""class_name"": ""person""}, {""x1"": 1665.12, ""y1"": 2106.15, ""x2"": 1848.4, ""y2"": 2909.01, ""confidence"": 0.49, ""class_id"": 0, ""class_name"": ""person""}]"
crowd_city_20260611_013614,camera_01,data\video\crowd_city.mp4,3,2026-06-11T01:36:32,2026-06-11T01:36:32,2160,3840,7,106.2,output\experiments\crowd_city_20260611_013614\annotated_frames\camera_01_frame_000003.jpg,"[{""x1"": 113.46, ""y1"": 2150.74, ""x2"": 605.16, ""y2"": 3582.19, ""confidence"": 0.8616, ""class_id"": 0, ""class_name"": ""person""}, {""x1"": 1275.04, ""y1"": 2121.08, ""x2"": 1738.91, ""y2"": 3536.74, ""confidence"": 0.8415, ""class_id"": 0, ""class_name"": ""person""}, {""x1"": 899.98, ""y1"": 2053.63, ""x2"": 1316.06, ""y2"": 3475.46, ""confidence"": 0.8182, ""class_id"": 0, ""class_name"": ""person""}, {""x1"": 512.44, ""y1"": 2042.35, ""x2"": 917.83, ""y2"": 3466.13, ""confidence"": 0.7877, ""class_id"": 0, ""class_name"": ""person""}, {""x1"": 1756.5, ""y1"": 2105.46, ""x2"": 2003.79, ""y2"": 2966.09, ""confidence"": 0.6123, ""class_id"": 0, ""class_name"": ""person""}, {""x1"": 1826.1, ""y1"": 2429.31, ""x2"": 2160.0, ""y2"": 3310.89, ""confidence"": 0.5127, ""class_id"": 0, ""class_name"": ""person""}, {""x1"": 1664.38, ""y1"": 2108.67, ""x2"": 1851.25, ""y2"": 2906.11, ""confidence"": 0.4782, ""class_id"": 0, ""class_name"": ""person""}]"
crowd_city_20260611_013614,camera_01,data\video\crowd_city.mp4,4,2026-06-11T01:36:32,2026-06-11T01:36:32,2160,3840,7,78.84,output\experiments\crowd_city_20260611_013614\annotated_frames\camera_01_frame_000004.jpg,"[{""x1"": 106.11, ""y1"": 2145.56, ""x2"": 606.24, ""y2"": 3586.94, ""confidence"": 0.8592, ""class_id"": 0, ""class_name"": ""person""}, {""x1"": 1283.66, ""y1"": 2120.19, ""x2"": 1756.03, ""y2"": 3534.75, ""confidence"": 0.8057, ""class_id"": 0, ""class_name"": ""person""}, {""x1"": 923.56, ""y1"": 2037.92, ""x2"": 1345.53, ""y2"": 3469.95, ""confidence"": 0.7828, ""class_id"": 0, ""class_name"": ""person""}, {""x1"": 500.69, ""y1"": 2043.68, ""x2"": 920.26, ""y2"": 3472.19, ""confidence"": 0.7782, ""class_id"": 0, ""class_name"": ""person""}, {""x1"": 1755.11, ""y1"": 2104.07, ""x2"": 2003.94, ""y2"": 2963.77, ""confidence"": 0.6095, ""class_id"": 0, ""class_name"": ""person""}, {""x1"": 1831.72, ""y1"": 2443.23, ""x2"": 2160.0, ""y2"": 3315.1, ""confidence"": 0.4924, ""class_id"": 0, ""class_name"": ""person""}, {""x1"": 1662.57, ""y1"": 2108.4, ""x2"": 1850.28, ""y2"": 2904.79, ""confidence"": 0.413, ""class_id"": 0, ""class_name"": ""person""}]"
crowd_city_20260611_013614,camera_01,data\video\crowd_city.mp4,5,2026-06-11T01:36:32,2026-06-11T01:36:32,2160,3840,8,99.52,output\experiments\crowd_city_20260611_013614\annotated_frames\camera_01_frame_000005.jpg,"[{""x1"": 106.8, ""y1"": 2148.97, ""x2"": 603.23, ""y2"": 3586.09, ""confidence"": 0.861, ""class_id"": 0, ""class_name"": ""person""}, {""x1"": 1288.86, ""y1"": 2118.77, ""x2"": 1772.32, ""y2"": 3531.12, ""confidence"": 0.8203, ""class_id"": 0, ""class_name"": ""person""}, {""x1"": 923.75, ""y1"": 2069.98, ""x2"": 1350.29, ""y2"": 3466.41, ""confidence"": 0.8017, ""class_id"": 0, ""class_name"": ""person""}, {""x1"": 503.87, ""y1"": 2045.06, ""x2"": 914.67, ""y2"": 3485.81, ""confidence"": 0.7856, ""class_id"": 0, ""class_name"": ""person""}, {""x1"": 1752.72, ""y1"": 2102.01, ""x2"": 2005.01, ""y2"": 2974.83, ""confidence"": 0.6495, ""class_id"": 0, ""class_name"": ""person""}, {""x1"": 1835.73, ""y1"": 2444.2, ""x2"": 2160.0, ""y2"": 3319.36, ""confidence"": 0.5114, ""class_id"": 0, ""class_name"": ""person""}, {""x1"": 1662.38, ""y1"": 2105.72, ""x2"": 1846.32, ""y2"": 2909.99, ""confidence"": 0.3841, ""class_id"": 0, ""class_name"": ""person""}, {""x1"": 58.16, ""y1"": 1951.68, ""x2"": 195.39, ""y2"": 2235.42, ""confidence"": 0.2723, ""class_id"": 0, ""class_name"": ""person""}]"
crowd_city_20260611_013614,camera_01,data\video\crowd_city.mp4,6,2026-06-11T01:36:32,2026-06-11T01:36:33,2160,3840,8,88.46,output\experiments\crowd_city_20260611_013614\annotated_frames\camera_01_frame_000006.jpg,"[{""x1"": 101.35, ""y1"": 2150.68, ""x2"": 597.74, ""y2"": 3589.11, ""confidence"": 0.8636, ""class_id"": 0, ""class_name"": ""person""}, {""x1"": 1300.88, ""y1"": 2122.9, ""x2"": 1783.14, ""y2"": 3524.4, ""confidence"": 0.827, ""class_id"": 0, ""class_name"": ""person""}, {""x1"": 930.84, ""y1"": 2066.38, ""x2"": 1361.77, ""y2"": 3450.17, ""confidence"": 0.8204, ""class_id"": 0, ""class_name"": ""person""}, {""x1"": 506.69, ""y1"": 2045.43, ""x2"": 914.44, ""y2"": 3474.16, ""confidence"": 0.8025, ""class_id"": 0, ""class_name"": ""person""}, {""x1"": 1747.71, ""y1"": 2098.01, ""x2"": 2005.31, ""y2"": 2972.27, ""confidence"": 0.6385, ""class_id"": 0, ""class_name"": ""person""}, {""x1"": 1845.95, ""y1"": 2472.75, ""x2"": 2160.0, ""y2"": 3313.16, ""confidence"": 0.4932, ""class_id"": 0, ""class_name"": ""person""}, {""x1"": 1661.83, ""y1"": 2087.99, ""x2"": 1852.35, ""y2"": 2926.33, ""confidence"": 0.3515, ""class_id"": 0, ""class_name"": ""person""}, {""x1"": 60.09, ""y1"": 1947.24, ""x2"": 199.96, ""y2"": 2215.66, ""confidence"": 0.2876, ""class_id"": 0, ""class_name"": ""person""}]"
crowd_city_20260611_013614,camera_01,data\video\crowd_city.mp4,7,2026-06-11T01:36:33,2026-06-11T01:36:33,2160,3840,8,85.74,output\experiments\crowd_city_20260611_013614\annotated_frames\camera_01_frame_000007.jpg,"[{""x1"": 95.27, ""y1"": 2152.36, ""x2"": 602.63, ""y2"": 3592.19, ""confidence"": 0.8641, ""class_id"": 0, ""class_name"": ""person""}, {""x1"": 941.95, ""y1"": 2059.37, ""x2"": 1400.42, ""y2"": 3455.56, ""confidence"": 0.8285, ""class_id"": 0, ""class_name"": ""person""}, {""x1"": 1309.3, ""y1"": 2119.34, ""x2"": 1802.16, ""y2"": 3507.8, ""confidence"": 0.8241, ""class_id"": 0, ""class_name"": ""person""}, {""x1"": 502.39, ""y1"": 2041.92, ""x2"": 902.85, ""y2"": 3482.58, ""confidence"": 0.8213, ""class_id"": 0, ""class_name"": ""person""}, {""x1"": 1736.29, ""y1"": 2095.58, ""x2"": 2006.64, ""y2"": 2973.54, ""confidence"": 0.643, ""class_id"": 0, ""class_name"": ""person""}, {""x1"": 1848.76, ""y1"": 2485.61, ""x2"": 2160.0, ""y2"": 3306.16, ""confidence"": 0.516, ""class_id"": 0, ""class_name"": ""person""}, {""x1"": 62.86, ""y1"": 1943.69, ""x2"": 204.88, ""y2"": 2207.52, ""confidence"": 0.2749, ""class_id"": 0, ""class_name"": ""person""}, {""x1"": 1660.81, ""y1"": 2085.9, ""x2"": 1851.23, ""y2"": 2944.36, ""confidence"": 0.2663, ""class_id"": 0, ""class_name"": ""person""}]"
crowd_city_20260611_013614,camera_01,data\video\crowd_city.mp4,8,2026-06-11T01:36:33,2026-06-11T01:36:33,2160,3840,6,90.73,output\experiments\crowd_city_20260611_013614\annotated_frames\camera_01_frame_000008.jpg,"[{""x1"": 98.95, ""y1"": 2155.69, ""x2"": 598.14, ""y2"": 3592.91, ""confidence"": 0.855, ""class_id"": 0, ""class_name"": ""person""}, {""x1"": 1316.38, ""y1"": 2115.52, ""x2"": 1811.53, ""y2"": 3503.08, ""confidence"": 0.8155, ""class_id"": 0, ""class_name"": ""person""}, {""x1"": 949.8, ""y1"": 2065.27, ""x2"": 1399.66, ""y2"": 3441.23, ""confidence"": 0.8093, ""class_id"": 0, ""class_name"": ""person""}, {""x1"": 494.34, ""y1"": 2050.31, ""x2"": 906.3, ""y2"": 3480.84, ""confidence"": 0.8082, ""class_id"": 0, ""class_name"": ""person""}, {""x1"": 1737.68, ""y1"": 2094.69, ""x2"": 2007.27, ""y2"": 2977.2, ""confidence"": 0.6254, ""class_id"": 0, ""class_name"": ""person""}, {""x1"": 1856.92, ""y1"": 2503.95, ""x2"": 2159.68, ""y2"": 3307.46, ""confidence"": 0.4256, ""class_id"": 0, ""class_name"": ""person""}]"
crowd_city_20260611_013614,camera_01,data\video\crowd_city.mp4,9,2026-06-11T01:36:33,2026-06-11T01:36:33,2160,3840,7,93.31,output\experiments\crowd_city_20260611_013614\annotated_frames\camera_01_frame_000009.jpg,"[{""x1"": 95.24, ""y1"": 2153.74, ""x2"": 597.73, ""y2"": 3592.28, ""confidence"": 0.8661, ""class_id"": 0, ""class_name"": ""person""}, {""x1"": 1322.68, ""y1"": 2120.33, ""x2"": 1804.17, ""y2"": 3495.01, ""confidence"": 0.8356, ""class_id"": 0, ""class_name"": ""person""}, {""x1"": 492.01, ""y1"": 2047.43, ""x2"": 898.37, ""y2"": 3485.06, ""confidence"": 0.8066, ""class_id"": 0, ""class_name"": ""person""}, {""x1"": 948.91, ""y1"": 2076.42, ""x2"": 1418.66, ""y2"": 3439.31, ""confidence"": 0.7731, ""class_id"": 0, ""class_name"": ""person""}, {""x1"": 1744.16, ""y1"": 2095.09, ""x2"": 2008.46, ""y2"": 2979.5, ""confidence"": 0.6507, ""class_id"": 0, ""class_name"": ""person""}, {""x1"": 1873.12, ""y1"": 2519.23, ""x2"": 2159.67, ""y2"": 3291.97, ""confidence"": 0.4178, ""class_id"": 0, ""class_name"": ""person""}, {""x1"": 822.29, ""y1"": 2162.67, ""x2"": 1059.56, ""y2"": 3352.16, ""confidence"": 0.3341, ""class_id"": 0, ""class_name"": ""person""}]"
crowd_city_20260611_013614,camera_01,data\video\crowd_city.mp4,10,2026-06-11T01:36:34,2026-06-11T01:36:34,2160,3840,7,88.13,output\experiments\crowd_city_20260611_013614\annotated_frames\camera_01_frame_000010.jpg,"[{""x1"": 1331.46, ""y1"": 2118.36, ""x2"": 1806.68, ""y2"": 3480.05, ""confidence"": 0.8622, ""class_id"": 0, ""class_name"": ""person""}, {""x1"": 91.35, ""y1"": 2149.1, ""x2"": 598.09, ""y2"": 3592.38, ""confidence"": 0.8605, ""class_id"": 0, ""class_name"": ""person""}, {""x1"": 486.36, ""y1"": 2040.9, ""x2"": 890.35, ""y2"": 3467.04, ""confidence"": 0.8078, ""class_id"": 0, ""class_name"": ""person""}, {""x1"": 964.45, ""y1"": 2079.78, ""x2"": 1427.44, ""y2"": 3432.8, ""confidence"": 0.7727, ""class_id"": 0, ""class_name"": ""person""}, {""x1"": 1743.96, ""y1"": 2094.95, ""x2"": 2009.93, ""y2"": 2981.92, ""confidence"": 0.6578, ""class_id"": 0, ""class_name"": ""person""}, {""x1"": 1878.65, ""y1"": 2528.5, ""x2"": 2160.0, ""y2"": 3317.18, ""confidence"": 0.4689, ""class_id"": 0, ""class_name"": ""person""}, {""x1"": 830.14, ""y1"": 2166.07, ""x2"": 1057.52, ""y2"": 3363.82, ""confidence"": 0.3822, ""class_id"": 0, ""class_name"": ""person""}]"
crowd_city_20260611_013614,camera_01,data\video\crowd_city.mp4,11,2026-06-11T01:36:34,2026-06-11T01:36:34,2160,3840,7,92.91,output\experiments\crowd_city_20260611_013614\annotated_frames\camera_01_frame_000011.jpg,"[{""x1"": 1338.68, ""y1"": 2116.65, ""x2"": 1809.63, ""y2"": 3464.58, ""confidence"": 0.8625, ""class_id"": 0, ""class_name"": ""person""}, {""x1"": 81.84, ""y1"": 2143.14, ""x2"": 603.56, ""y2"": 3591.83, ""confidence"": 0.8563, ""class_id"": 0, ""class_name"": ""person""}, {""x1"": 492.23, ""y1"": 2043.99, ""x2"": 887.19, ""y2"": 3461.95, ""confidence"": 0.82, ""class_id"": 0, ""class_name"": ""person""}, {""x1"": 969.11, ""y1"": 2077.8, ""x2"": 1424.98, ""y2"": 3438.2, ""confidence"": 0.7729, ""class_id"": 0, ""class_name"": ""person""}, {""x1"": 1741.66, ""y1"": 2097.21, ""x2"": 2009.44, ""y2"": 2982.38, ""confidence"": 0.6571, ""class_id"": 0, ""class_name"": ""person""}, {""x1"": 828.3, ""y1"": 2165.18, ""x2"": 1060.39, ""y2"": 3362.85, ""confidence"": 0.3896, ""class_id"": 0, ""class_name"": ""person""}, {""x1"": 1893.95, ""y1"": 2546.74, ""x2"": 2160.0, ""y2"": 3369.11, ""confidence"": 0.3412, ""class_id"": 0, ""class_name"": ""person""}]"
crowd_city_20260611_013614,camera_01,data\video\crowd_city.mp4,12,2026-06-11T01:36:34,2026-06-11T01:36:34,2160,3840,8,96.52,output\experiments\crowd_city_20260611_013614\annotated_frames\camera_01_frame_000012.jpg,"[{""x1"": 1346.26, ""y1"": 2112.86, ""x2"": 1799.77, ""y2"": 3463.35, ""confidence"": 0.8664, ""class_id"": 0, ""class_name"": ""person""}, {""x1"": 73.96, ""y1"": 2141.18, ""x2"": 599.81, ""y2"": 3590.47, ""confidence"": 0.8532, ""class_id"": 0, ""class_name"": ""person""}, {""x1"": 488.97, ""y1"": 2034.12, ""x2"": 884.63, ""y2"": 3465.68, ""confidence"": 0.8307, ""class_id"": 0, ""class_name"": ""person""}, {""x1"": 975.92, ""y1"": 2079.52, ""x2"": 1419.28, ""y2"": 3441.47, ""confidence"": 0.7907, ""class_id"": 0, ""class_name"": ""person""}, {""x1"": 1754.8, ""y1"": 2096.64, ""x2"": 2009.66, ""y2"": 2987.28, ""confidence"": 0.6716, ""class_id"": 0, ""class_name"": ""person""}, {""x1"": 829.23, ""y1"": 2162.09, ""x2"": 1070.23, ""y2"": 3343.75, ""confidence"": 0.4322, ""class_id"": 0, ""class_name"": ""person""}, {""x1"": 1908.34, ""y1"": 2545.47, ""x2"": 2160.0, ""y2"": 3376.33, ""confidence"": 0.3034, ""class_id"": 0, ""class_name"": ""person""}, {""x1"": 1890.99, ""y1"": 2069.33, ""x2"": 2160.0, ""y2"": 3404.58, ""confidence"": 0.264, ""class_id"": 0, ""class_name"": ""person""}]"
crowd_city_20260611_013614,camera_01,data\video\crowd_city.mp4,13,2026-06-11T01:36:34,2026-06-11T01:36:35,2160,3840,7,96.67,output\experiments\crowd_city_20260611_013614\annotated_frames\camera_01_frame_000013.jpg,"[{""x1"": 1350.56, ""y1"": 2109.64, ""x2"": 1806.66, ""y2"": 3455.25, ""confidence"": 0.8574, ""class_id"": 0, ""class_name"": ""person""}, {""x1"": 76.76, ""y1"": 2140.26, ""x2"": 612.04, ""y2"": 3588.71, ""confidence"": 0.8529, ""class_id"": 0, ""class_name"": ""person""}, {""x1"": 484.73, ""y1"": 2034.18, ""x2"": 881.32, ""y2"": 3455.1, ""confidence"": 0.8508, ""class_id"": 0, ""class_name"": ""person""}, {""x1"": 1024.41, ""y1"": 2082.23, ""x2"": 1423.29, ""y2"": 3397.11, ""confidence"": 0.7741, ""class_id"": 0, ""class_name"": ""person""}, {""x1"": 1766.06, ""y1"": 2097.1, ""x2"": 2009.84, ""y2"": 2990.48, ""confidence"": 0.6797, ""class_id"": 0, ""class_name"": ""person""}, {""x1"": 825.37, ""y1"": 2158.82, ""x2"": 1081.31, ""y2"": 3335.85, ""confidence"": 0.4459, ""class_id"": 0, ""class_name"": ""person""}, {""x1"": 1928.57, ""y1"": 2102.73, ""x2"": 2160.0, ""y2"": 3374.97, ""confidence"": 0.2757, ""class_id"": 0, ""class_name"": ""person""}]"
crowd_city_20260611_013614,camera_01,data\video\crowd_city.mp4,14,2026-06-11T01:36:35,2026-06-11T01:36:35,2160,3840,7,90.64,output\experiments\crowd_city_20260611_013614\annotated_frames\camera_01_frame_000014.jpg,"[{""x1"": 482.1, ""y1"": 2035.14, ""x2"": 878.33, ""y2"": 3451.94, ""confidence"": 0.8481, ""class_id"": 0, ""class_name"": ""person""}, {""x1"": 85.36, ""y1"": 2142.4, ""x2"": 607.11, ""y2"": 3589.97, ""confidence"": 0.8452, ""class_id"": 0, ""class_name"": ""person""}, {""x1"": 1362.2, ""y1"": 2107.24, ""x2"": 1813.94, ""y2"": 3454.34, ""confidence"": 0.8291, ""class_id"": 0, ""class_name"": ""person""}, {""x1"": 991.53, ""y1"": 2087.31, ""x2"": 1422.93, ""y2"": 3443.2, ""confidence"": 0.8075, ""class_id"": 0, ""class_name"": ""person""}, {""x1"": 1772.16, ""y1"": 2095.03, ""x2"": 2010.77, ""y2"": 2992.09, ""confidence"": 0.6621, ""class_id"": 0, ""class_name"": ""person""}, {""x1"": 822.12, ""y1"": 2157.48, ""x2"": 1091.76, ""y2"": 3334.49, ""confidence"": 0.4512, ""class_id"": 0, ""class_name"": ""person""}, {""x1"": 1942.54, ""y1"": 2086.61, ""x2"": 2160.0, ""y2"": 3387.02, ""confidence"": 0.3041, ""class_id"": 0, ""class_name"": ""person""}]"
crowd_city_20260611_013614,camera_01,data\video\crowd_city.mp4,15,2026-06-11T01:36:35,2026-06-11T01:36:35,2160,3840,7,78.11,output\experiments\crowd_city_20260611_013614\annotated_frames\camera_01_frame_000015.jpg,"[{""x1"": 471.88, ""y1"": 2021.29, ""x2"": 875.83, ""y2"": 3489.96, ""confidence"": 0.8463, ""class_id"": 0, ""class_name"": ""person""}, {""x1"": 84.17, ""y1"": 2135.81, ""x2"": 607.61, ""y2"": 3591.12, ""confidence"": 0.8334, ""class_id"": 0, ""class_name"": ""person""}, {""x1"": 976.57, ""y1"": 2085.84, ""x2"": 1429.11, ""y2"": 3460.74, ""confidence"": 0.8252, ""class_id"": 0, ""class_name"": ""person""}, {""x1"": 1369.19, ""y1"": 2106.44, ""x2"": 1838.09, ""y2"": 3448.23, ""confidence"": 0.8223, ""class_id"": 0, ""class_name"": ""person""}, {""x1"": 1770.28, ""y1"": 2095.57, ""x2"": 2011.75, ""y2"": 2991.05, ""confidence"": 0.6628, ""class_id"": 0, ""class_name"": ""person""}, {""x1"": 817.19, ""y1"": 2156.19, ""x2"": 1101.94, ""y2"": 3334.79, ""confidence"": 0.501, ""class_id"": 0, ""class_name"": ""person""}, {""x1"": 1952.16, ""y1"": 2116.03, ""x2"": 2160.0, ""y2"": 3400.5, ""confidence"": 0.2987, ""class_id"": 0, ""class_name"": ""person""}]"
crowd_city_20260611_013614,camera_01,data\video\crowd_city.mp4,16,2026-06-11T01:36:35,2026-06-11T01:36:35,2160,3840,6,83.1,output\experiments\crowd_city_20260611_013614\annotated_frames\camera_01_frame_000016.jpg,"[{""x1"": 470.42, ""y1"": 2028.6, ""x2"": 873.37, ""y2"": 3469.84, ""confidence"": 0.8583, ""class_id"": 0, ""class_name"": ""person""}, {""x1"": 86.7, ""y1"": 2133.85, ""x2"": 613.19, ""y2"": 3589.68, ""confidence"": 0.851, ""class_id"": 0, ""class_name"": ""person""}, {""x1"": 1376.83, ""y1"": 2101.16, ""x2"": 1838.53, ""y2"": 3446.19, ""confidence"": 0.8112, ""class_id"": 0, ""class_name"": ""person""}, {""x1"": 976.9, ""y1"": 2089.59, ""x2"": 1434.83, ""y2"": 3452.1, ""confidence"": 0.7937, ""class_id"": 0, ""class_name"": ""person""}, {""x1"": 1776.38, ""y1"": 2095.66, ""x2"": 2013.89, ""y2"": 2992.13, ""confidence"": 0.6777, ""class_id"": 0, ""class_name"": ""person""}, {""x1"": 822.49, ""y1"": 2147.81, ""x2"": 1118.59, ""y2"": 3337.42, ""confidence"": 0.5371, ""class_id"": 0, ""class_name"": ""person""}]"
crowd_city_20260611_013614,camera_01,data\video\crowd_city.mp4,17,2026-06-11T01:36:35,2026-06-11T01:36:36,2160,3840,6,85.06,output\experiments\crowd_city_20260611_013614\annotated_frames\camera_01_frame_000017.jpg,"[{""x1"": 466.71, ""y1"": 2023.5, ""x2"": 875.7, ""y2"": 3457.89, ""confidence"": 0.8527, ""class_id"": 0, ""class_name"": ""person""}, {""x1"": 92.44, ""y1"": 2125.14, ""x2"": 613.93, ""y2"": 3586.49, ""confidence"": 0.8497, ""class_id"": 0, ""class_name"": ""person""}, {""x1"": 1381.83, ""y1"": 2100.66, ""x2"": 1841.07, ""y2"": 3443.44, ""confidence"": 0.7942, ""class_id"": 0, ""class_name"": ""person""}, {""x1"": 986.22, ""y1"": 2091.96, ""x2"": 1435.58, ""y2"": 3455.02, ""confidence"": 0.7835, ""class_id"": 0, ""class_name"": ""person""}, {""x1"": 1780.85, ""y1"": 2096.75, ""x2"": 2013.94, ""y2"": 2992.54, ""confidence"": 0.6899, ""class_id"": 0, ""class_name"": ""person""}, {""x1"": 823.2, ""y1"": 2142.31, ""x2"": 1120.68, ""y2"": 3353.28, ""confidence"": 0.5254, ""class_id"": 0, ""class_name"": ""person""}]"
crowd_city_20260611_013614,camera_01,data\video\crowd_city.mp4,18,2026-06-11T01:36:36,2026-06-11T01:36:36,2160,3840,7,85.11,output\experiments\crowd_city_20260611_013614\annotated_frames\camera_01_frame_000018.jpg,"[{""x1"": 469.96, ""y1"": 2021.58, ""x2"": 873.49, ""y2"": 3471.73, ""confidence"": 0.8588, ""class_id"": 0, ""class_name"": ""person""}, {""x1"": 85.72, ""y1"": 2121.64, ""x2"": 614.96, ""y2"": 3586.43, ""confidence"": 0.8385, ""class_id"": 0, ""class_name"": ""person""}, {""x1"": 998.85, ""y1"": 2096.38, ""x2"": 1444.01, ""y2"": 3443.24, ""confidence"": 0.7901, ""class_id"": 0, ""class_name"": ""person""}, {""x1"": 1387.73, ""y1"": 2098.81, ""x2"": 1845.13, ""y2"": 3438.55, ""confidence"": 0.7895, ""class_id"": 0, ""class_name"": ""person""}, {""x1"": 1784.4, ""y1"": 2098.39, ""x2"": 2016.39, ""y2"": 2992.7, ""confidence"": 0.6808, ""class_id"": 0, ""class_name"": ""person""}, {""x1"": 821.04, ""y1"": 2140.09, ""x2"": 1119.32, ""y2"": 3330.25, ""confidence"": 0.5586, ""class_id"": 0, ""class_name"": ""person""}, {""x1"": 2005.78, ""y1"": 2572.07, ""x2"": 2159.28, ""y2"": 3442.51, ""confidence"": 0.3024, ""class_id"": 0, ""class_name"": ""person""}]"
crowd_city_20260611_013614,camera_01,data\video\crowd_city.mp4,19,2026-06-11T01:36:36,2026-06-11T01:36:36,2160,3840,6,85.3,output\experiments\crowd_city_20260611_013614\annotated_frames\camera_01_frame_000019.jpg,"[{""x1"": 466.55, ""y1"": 2021.7, ""x2"": 871.83, ""y2"": 3461.18, ""confidence"": 0.846, ""class_id"": 0, ""class_name"": ""person""}, {""x1"": 91.72, ""y1"": 2115.7, ""x2"": 619.34, ""y2"": 3582.66, ""confidence"": 0.8395, ""class_id"": 0, ""class_name"": ""person""}, {""x1"": 1394.15, ""y1"": 2096.48, ""x2"": 1851.14, ""y2"": 3440.98, ""confidence"": 0.7973, ""class_id"": 0, ""class_name"": ""person""}, {""x1"": 1025.65, ""y1"": 2098.65, ""x2"": 1458.88, ""y2"": 3444.75, ""confidence"": 0.7923, ""class_id"": 0, ""class_name"": ""person""}, {""x1"": 1783.85, ""y1"": 2095.51, ""x2"": 2022.1, ""y2"": 2995.52, ""confidence"": 0.6636, ""class_id"": 0, ""class_name"": ""person""}, {""x1"": 819.34, ""y1"": 2130.25, ""x2"": 1118.63, ""y2"": 3333.08, ""confidence"": 0.576, ""class_id"": 0, ""class_name"": ""person""}]"
crowd_city_20260611_013614,camera_01,data\video\crowd_city.mp4,20,2026-06-11T01:36:36,2026-06-11T01:36:36,2160,3840,6,85.83,output\experiments\crowd_city_20260611_013614\annotated_frames\camera_01_frame_000020.jpg,"[{""x1"": 93.95, ""y1"": 2114.32, ""x2"": 617.7, ""y2"": 3581.7, ""confidence"": 0.8497, ""class_id"": 0, ""class_name"": ""person""}, {""x1"": 461.48, ""y1"": 2025.39, ""x2"": 870.99, ""y2"": 3469.13, ""confidence"": 0.8446, ""class_id"": 0, ""class_name"": ""person""}, {""x1"": 1031.3, ""y1"": 2096.34, ""x2"": 1464.65, ""y2"": 3437.22, ""confidence"": 0.8108, ""class_id"": 0, ""class_name"": ""person""}, {""x1"": 1404.6, ""y1"": 2092.18, ""x2"": 1859.09, ""y2"": 3441.86, ""confidence"": 0.8, ""class_id"": 0, ""class_name"": ""person""}, {""x1"": 1784.05, ""y1"": 2097.16, ""x2"": 2023.17, ""y2"": 2995.87, ""confidence"": 0.6912, ""class_id"": 0, ""class_name"": ""person""}, {""x1"": 821.22, ""y1"": 2140.13, ""x2"": 1119.41, ""y2"": 3333.7, ""confidence"": 0.6378, ""class_id"": 0, ""class_name"": ""person""}]"
crowd_city_20260611_013614,camera_01,data\video\crowd_city.mp4,21,2026-06-11T01:36:36,2026-06-11T01:36:37,2160,3840,7,90.12,output\experiments\crowd_city_20260611_013614\annotated_frames\camera_01_frame_000021.jpg,"[{""x1"": 90.06, ""y1"": 2110.87, ""x2"": 617.74, ""y2"": 3580.22, ""confidence"": 0.8502, ""class_id"": 0, ""class_name"": ""person""}, {""x1"": 458.25, ""y1"": 2018.68, ""x2"": 871.23, ""y2"": 3437.19, ""confidence"": 0.8482, ""class_id"": 0, ""class_name"": ""person""}, {""x1"": 1037.77, ""y1"": 2093.05, ""x2"": 1469.48, ""y2"": 3435.67, ""confidence"": 0.8213, ""class_id"": 0, ""class_name"": ""person""}, {""x1"": 1411.09, ""y1"": 2097.87, ""x2"": 1857.71, ""y2"": 3439.62, ""confidence"": 0.8051, ""class_id"": 0, ""class_name"": ""person""}, {""x1"": 1784.96, ""y1"": 2097.48, ""x2"": 2026.2, ""y2"": 2995.09, ""confidence"": 0.6936, ""class_id"": 0, ""class_name"": ""person""}, {""x1"": 822.54, ""y1"": 2136.8, ""x2"": 1123.68, ""y2"": 3335.78, ""confidence"": 0.6891, ""class_id"": 0, ""class_name"": ""person""}, {""x1"": 1992.56, ""y1"": 2073.75, ""x2"": 2156.07, ""y2"": 2782.11, ""confidence"": 0.257, ""class_id"": 0, ""class_name"": ""person""}]"
crowd_city_20260611_013614,camera_01,data\video\crowd_city.mp4,22,2026-06-11T01:36:37,2026-06-11T01:36:37,2160,3840,8,91.88,output\experiments\crowd_city_20260611_013614\annotated_frames\camera_01_frame_000022.jpg,"[{""x1"": 85.34, ""y1"": 2112.49, ""x2"": 617.42, ""y2"": 3579.71, ""confidence"": 0.8516, ""class_id"": 0, ""class_name"": ""person""}, {""x1"": 1056.4, ""y1"": 2089.0, ""x2"": 1473.37, ""y2"": 3433.86, ""confidence"": 0.8256, ""class_id"": 0, ""class_name"": ""person""}, {""x1"": 457.12, ""y1"": 2011.61, ""x2"": 869.67, ""y2"": 3442.36, ""confidence"": 0.8231, ""class_id"": 0, ""class_name"": ""person""}, {""x1"": 1422.32, ""y1"": 2092.39, ""x2"": 1864.08, ""y2"": 3443.64, ""confidence"": 0.8093, ""class_id"": 0, ""class_name"": ""person""}, {""x1"": 822.52, ""y1"": 2130.58, ""x2"": 1129.75, ""y2"": 3336.87, ""confidence"": 0.7211, ""class_id"": 0, ""class_name"": ""person""}, {""x1"": 1788.83, ""y1"": 2098.17, ""x2"": 2027.36, ""y2"": 2993.53, ""confidence"": 0.6871, ""class_id"": 0, ""class_name"": ""person""}, {""x1"": 1989.98, ""y1"": 2074.75, ""x2"": 2157.65, ""y2"": 2785.72, ""confidence"": 0.3532, ""class_id"": 0, ""class_name"": ""person""}, {""x1"": 7.09, ""y1"": 2111.24, ""x2"": 253.48, ""y2"": 3347.62, ""confidence"": 0.2707, ""class_id"": 0, ""class_name"": ""person""}]"
crowd_city_20260611_013614,camera_01,data\video\crowd_city.mp4,23,2026-06-11T01:36:37,2026-06-11T01:36:37,2160,3840,8,89.64,output\experiments\crowd_city_20260611_013614\annotated_frames\camera_01_frame_000023.jpg,"[{""x1"": 457.3, ""y1"": 2005.2, ""x2"": 872.21, ""y2"": 3510.49, ""confidence"": 0.8342, ""class_id"": 0, ""class_name"": ""person""}, {""x1"": 93.69, ""y1"": 2104.16, ""x2"": 618.52, ""y2"": 3581.98, ""confidence"": 0.8331, ""class_id"": 0, ""class_name"": ""person""}, {""x1"": 1068.54, ""y1"": 2084.34, ""x2"": 1478.6, ""y2"": 3414.76, ""confidence"": 0.8322, ""class_id"": 0, ""class_name"": ""person""}, {""x1"": 1429.72, ""y1"": 2091.25, ""x2"": 1863.92, ""y2"": 3442.36, ""confidence"": 0.8117, ""class_id"": 0, ""class_name"": ""person""}, {""x1"": 826.61, ""y1"": 2135.32, ""x2"": 1133.61, ""y2"": 3334.1, ""confidence"": 0.731, ""class_id"": 0, ""class_name"": ""person""}, {""x1"": 1789.6, ""y1"": 2097.66, ""x2"": 2029.42, ""y2"": 2990.86, ""confidence"": 0.6854, ""class_id"": 0, ""class_name"": ""person""}, {""x1"": 1990.78, ""y1"": 2076.06, ""x2"": 2156.92, ""y2"": 2783.83, ""confidence"": 0.3653, ""class_id"": 0, ""class_name"": ""person""}, {""x1"": 5.68, ""y1"": 2111.91, ""x2"": 259.48, ""y2"": 3343.11, ""confidence"": 0.2605, ""class_id"": 0, ""class_name"": ""person""}]"
crowd_city_20260611_013614,camera_01,data\video\crowd_city.mp4,24,2026-06-11T01:36:37,2026-06-11T01:36:37,2160,3840,8,91.7,output\experiments\crowd_city_20260611_013614\annotated_frames\camera_01_frame_000024.jpg,"[{""x1"": 1075.73, ""y1"": 2080.16, ""x2"": 1488.45, ""y2"": 3411.29, ""confidence"": 0.8417, ""class_id"": 0, ""class_name"": ""person""}, {""x1"": 90.85, ""y1"": 2105.1, ""x2"": 624.62, ""y2"": 3580.64, ""confidence"": 0.8403, ""class_id"": 0, ""class_name"": ""person""}, {""x1"": 1437.94, ""y1"": 2091.87, ""x2"": 1868.03, ""y2"": 3438.14, ""confidence"": 0.8201, ""class_id"": 0, ""class_name"": ""person""}, {""x1"": 453.71, ""y1"": 2005.31, ""x2"": 874.91, ""y2"": 3480.64, ""confidence"": 0.8192, ""class_id"": 0, ""class_name"": ""person""}, {""x1"": 828.24, ""y1"": 2140.3, ""x2"": 1135.37, ""y2"": 3336.57, ""confidence"": 0.7274, ""class_id"": 0, ""class_name"": ""person""}, {""x1"": 1793.31, ""y1"": 2100.38, ""x2"": 2030.74, ""y2"": 2989.96, ""confidence"": 0.6654, ""class_id"": 0, ""class_name"": ""person""}, {""x1"": 1990.4, ""y1"": 2074.94, ""x2"": 2159.47, ""y2"": 2791.12, ""confidence"": 0.3866, ""class_id"": 0, ""class_name"": ""person""}, {""x1"": 12.48, ""y1"": 2108.78, ""x2"": 282.91, ""y2"": 3352.03, ""confidence"": 0.2924, ""class_id"": 0, ""class_name"": ""person""}]"
crowd_city_20260611_013614,camera_01,data\video\crowd_city.mp4,25,2026-06-11T01:36:38,2026-06-11T01:36:38,2160,3840,8,82.42,output\experiments\crowd_city_20260611_013614\annotated_frames\camera_01_frame_000025.jpg,"[{""x1"": 92.04, ""y1"": 2104.49, ""x2"": 632.42, ""y2"": 3587.7, ""confidence"": 0.853, ""class_id"": 0, ""class_name"": ""person""}, {""x1"": 1088.97, ""y1"": 2081.43, ""x2"": 1492.19, ""y2"": 3392.57, ""confidence"": 0.8513, ""class_id"": 0, ""class_name"": ""person""}, {""x1"": 454.49, ""y1"": 2006.2, ""x2"": 879.23, ""y2"": 3499.67, ""confidence"": 0.8388, ""class_id"": 0, ""class_name"": ""person""}, {""x1"": 1443.6, ""y1"": 2092.62, ""x2"": 1876.61, ""y2"": 3439.81, ""confidence"": 0.8335, ""class_id"": 0, ""class_name"": ""person""}, {""x1"": 832.1, ""y1"": 2136.09, ""x2"": 1134.89, ""y2"": 3337.87, ""confidence"": 0.763, ""class_id"": 0, ""class_name"": ""person""}, {""x1"": 1790.8, ""y1"": 2108.78, ""x2"": 2034.1, ""y2"": 2984.05, ""confidence"": 0.7002, ""class_id"": 0, ""class_name"": ""person""}, {""x1"": 1989.75, ""y1"": 2079.78, ""x2"": 2158.51, ""y2"": 2791.99, ""confidence"": 0.4042, ""class_id"": 0, ""class_name"": ""person""}, {""x1"": 11.11, ""y1"": 2106.75, ""x2"": 285.64, ""y2"": 3350.56, ""confidence"": 0.3068, ""class_id"": 0, ""class_name"": ""person""}]"
crowd_city_20260611_013614,camera_01,data\video\crowd_city.mp4,26,2026-06-11T01:36:38,2026-06-11T01:36:38,2160,3840,8,85.23,output\experiments\crowd_city_20260611_013614\annotated_frames\camera_01_frame_000026.jpg,"[{""x1"": 1103.79, ""y1"": 2079.49, ""x2"": 1498.86, ""y2"": 3382.04, ""confidence"": 0.8525, ""class_id"": 0, ""class_name"": ""person""}, {""x1"": 89.51, ""y1"": 2104.58, ""x2"": 633.41, ""y2"": 3607.38, ""confidence"": 0.8346, ""class_id"": 0, ""class_name"": ""person""}, {""x1"": 1449.91, ""y1"": 2094.32, ""x2"": 1888.26, ""y2"": 3437.88, ""confidence"": 0.8316, ""class_id"": 0, ""class_name"": ""person""}, {""x1"": 450.85, ""y1"": 2001.76, ""x2"": 884.31, ""y2"": 3527.42, ""confidence"": 0.8296, ""class_id"": 0, ""class_name"": ""person""}, {""x1"": 836.06, ""y1"": 2132.77, ""x2"": 1137.3, ""y2"": 3338.48, ""confidence"": 0.7387, ""class_id"": 0, ""class_name"": ""person""}, {""x1"": 1799.45, ""y1"": 2099.68, ""x2"": 2034.64, ""y2"": 2984.78, ""confidence"": 0.6588, ""class_id"": 0, ""class_name"": ""person""}, {""x1"": 1985.47, ""y1"": 2078.55, ""x2"": 2157.58, ""y2"": 2791.7, ""confidence"": 0.4253, ""class_id"": 0, ""class_name"": ""person""}, {""x1"": 10.67, ""y1"": 2099.99, ""x2"": 291.61, ""y2"": 3361.97, ""confidence"": 0.3262, ""class_id"": 0, ""class_name"": ""person""}]"
crowd_city_20260611_013614,camera_01,data\video\crowd_city.mp4,27,2026-06-11T01:36:38,2026-06-11T01:36:38,2160,3840,8,81.05,output\experiments\crowd_city_20260611_013614\annotated_frames\camera_01_frame_000027.jpg,"[{""x1"": 1110.05, ""y1"": 2076.51, ""x2"": 1506.04, ""y2"": 3404.53, ""confidence"": 0.8467, ""class_id"": 0, ""class_name"": ""person""}, {""x1"": 92.27, ""y1"": 2108.4, ""x2"": 635.36, ""y2"": 3615.63, ""confidence"": 0.8424, ""class_id"": 0, ""class_name"": ""person""}, {""x1"": 1458.35, ""y1"": 2094.1, ""x2"": 1891.23, ""y2"": 3435.9, ""confidence"": 0.8374, ""class_id"": 0, ""class_name"": ""person""}, {""x1"": 452.36, ""y1"": 1991.72, ""x2"": 889.22, ""y2"": 3506.59, ""confidence"": 0.8235, ""class_id"": 0, ""class_name"": ""person""}, {""x1"": 835.56, ""y1"": 2135.86, ""x2"": 1139.54, ""y2"": 3343.99, ""confidence"": 0.74, ""class_id"": 0, ""class_name"": ""person""}, {""x1"": 1799.96, ""y1"": 2099.37, ""x2"": 2033.35, ""y2"": 2983.44, ""confidence"": 0.6789, ""class_id"": 0, ""class_name"": ""person""}, {""x1"": 1985.09, ""y1"": 2077.94, ""x2"": 2156.46, ""y2"": 2791.11, ""confidence"": 0.4416, ""class_id"": 0, ""class_name"": ""person""}, {""x1"": 9.85, ""y1"": 2096.44, ""x2"": 287.39, ""y2"": 3359.43, ""confidence"": 0.3124, ""class_id"": 0, ""class_name"": ""person""}]"
crowd_city_20260611_013614,camera_01,data\video\crowd_city.mp4,28,2026-06-11T01:36:38,2026-06-11T01:36:38,2160,3840,8,88.73,output\experiments\crowd_city_20260611_013614\annotated_frames\camera_01_frame_000028.jpg,"[{""x1"": 91.44, ""y1"": 2107.05, ""x2"": 638.51, ""y2"": 3629.62, ""confidence"": 0.854, ""class_id"": 0, ""class_name"": ""person""}, {""x1"": 1118.76, ""y1"": 2068.45, ""x2"": 1509.42, ""y2"": 3402.27, ""confidence"": 0.8473, ""class_id"": 0, ""class_name"": ""person""}, {""x1"": 1467.2, ""y1"": 2092.8, ""x2"": 1904.12, ""y2"": 3432.88, ""confidence"": 0.8447, ""class_id"": 0, ""class_name"": ""person""}, {""x1"": 451.45, ""y1"": 1991.78, ""x2"": 898.28, ""y2"": 3467.87, ""confidence"": 0.8274, ""class_id"": 0, ""class_name"": ""person""}, {""x1"": 834.86, ""y1"": 2146.72, ""x2"": 1144.45, ""y2"": 3345.23, ""confidence"": 0.7379, ""class_id"": 0, ""class_name"": ""person""}, {""x1"": 1803.83, ""y1"": 2096.56, ""x2"": 2032.97, ""y2"": 2979.66, ""confidence"": 0.6841, ""class_id"": 0, ""class_name"": ""person""}, {""x1"": 1986.79, ""y1"": 2076.82, ""x2"": 2156.89, ""y2"": 2788.82, ""confidence"": 0.4928, ""class_id"": 0, ""class_name"": ""person""}, {""x1"": 11.26, ""y1"": 2095.45, ""x2"": 284.6, ""y2"": 3351.26, ""confidence"": 0.3039, ""class_id"": 0, ""class_name"": ""person""}]"
crowd_city_20260611_013614,camera_01,data\video\crowd_city.mp4,29,2026-06-11T01:36:39,2026-06-11T01:36:39,2160,3840,8,85.23,output\experiments\crowd_city_20260611_013614\annotated_frames\camera_01_frame_000029.jpg,"[{""x1"": 97.88, ""y1"": 2109.19, ""x2"": 639.64, ""y2"": 3648.73, ""confidence"": 0.8495, ""class_id"": 0, ""class_name"": ""person""}, {""x1"": 1119.12, ""y1"": 2065.72, ""x2"": 1511.26, ""y2"": 3374.31, ""confidence"": 0.8395, ""class_id"": 0, ""class_name"": ""person""}, {""x1"": 453.43, ""y1"": 1993.26, ""x2"": 901.05, ""y2"": 3475.66, ""confidence"": 0.83, ""class_id"": 0, ""class_name"": ""person""}, {""x1"": 1469.91, ""y1"": 2094.67, ""x2"": 1915.03, ""y2"": 3435.63, ""confidence"": 0.8276, ""class_id"": 0, ""class_name"": ""person""}, {""x1"": 835.53, ""y1"": 2150.07, ""x2"": 1142.16, ""y2"": 3344.73, ""confidence"": 0.7342, ""class_id"": 0, ""class_name"": ""person""}, {""x1"": 1806.23, ""y1"": 2097.05, ""x2"": 2037.26, ""y2"": 2978.08, ""confidence"": 0.6877, ""class_id"": 0, ""class_name"": ""person""}, {""x1"": 1988.05, ""y1"": 2076.01, ""x2"": 2156.82, ""y2"": 2788.31, ""confidence"": 0.4645, ""class_id"": 0, ""class_name"": ""person""}, {""x1"": 9.73, ""y1"": 2094.02, ""x2"": 292.44, ""y2"": 3316.65, ""confidence"": 0.3589, ""class_id"": 0, ""class_name"": ""person""}]"
crowd_city_20260611_013614,camera_01,data\video\crowd_city.mp4,30,2026-06-11T01:36:39,2026-06-11T01:36:39,2160,3840,9,78.4,output\experiments\crowd_city_20260611_013614\annotated_frames\camera_01_frame_000030.jpg,"[{""x1"": 1123.04, ""y1"": 2063.66, ""x2"": 1517.82, ""y2"": 3374.08, ""confidence"": 0.8476, ""class_id"": 0, ""class_name"": ""person""}, {""x1"": 95.4, ""y1"": 2110.73, ""x2"": 640.77, ""y2"": 3663.45, ""confidence"": 0.8403, ""class_id"": 0, ""class_name"": ""person""}, {""x1"": 455.04, ""y1"": 1992.02, ""x2"": 906.27, ""y2"": 3485.52, ""confidence"": 0.8352, ""class_id"": 0, ""class_name"": ""person""}, {""x1"": 1469.77, ""y1"": 2093.3, ""x2"": 1924.83, ""y2"": 3436.03, ""confidence"": 0.8224, ""class_id"": 0, ""class_name"": ""person""}, {""x1"": 834.98, ""y1"": 2152.65, ""x2"": 1139.83, ""y2"": 3356.41, ""confidence"": 0.6943, ""class_id"": 0, ""class_name"": ""person""}, {""x1"": 1808.84, ""y1"": 2094.76, ""x2"": 2036.01, ""y2"": 2976.04, ""confidence"": 0.6611, ""class_id"": 0, ""class_name"": ""person""}, {""x1"": 1990.46, ""y1"": 2070.48, ""x2"": 2154.74, ""y2"": 2789.61, ""confidence"": 0.4339, ""class_id"": 0, ""class_name"": ""person""}, {""x1"": 9.35, ""y1"": 2096.98, ""x2"": 292.84, ""y2"": 3292.58, ""confidence"": 0.3177, ""class_id"": 0, ""class_name"": ""person""}, {""x1"": 1401.77, ""y1"": 1887.68, ""x2"": 1555.78, ""y2"": 2295.3, ""confidence"": 0.2594, ""class_id"": 0, ""class_name"": ""person""}]"
crowd_city_20260611_013614,camera_01,data\video\crowd_city.mp4,31,2026-06-11T01:36:39,2026-06-11T01:36:39,2160,3840,9,79.78,output\experiments\crowd_city_20260611_013614\annotated_frames\camera_01_frame_000031.jpg,"[{""x1"": 1126.93, ""y1"": 2062.42, ""x2"": 1527.7, ""y2"": 3373.19, ""confidence"": 0.8475, ""class_id"": 0, ""class_name"": ""person""}, {""x1"": 94.48, ""y1"": 2114.54, ""x2"": 641.39, ""y2"": 3671.01, ""confidence"": 0.843, ""class_id"": 0, ""class_name"": ""person""}, {""x1"": 460.52, ""y1"": 1992.31, ""x2"": 911.21, ""y2"": 3492.07, ""confidence"": 0.8412, ""class_id"": 0, ""class_name"": ""person""}, {""x1"": 1485.58, ""y1"": 2095.02, ""x2"": 1948.2, ""y2"": 3432.54, ""confidence"": 0.81, ""class_id"": 0, ""class_name"": ""person""}, {""x1"": 834.82, ""y1"": 2152.23, ""x2"": 1142.24, ""y2"": 3368.68, ""confidence"": 0.6906, ""class_id"": 0, ""class_name"": ""person""}, {""x1"": 1806.67, ""y1"": 2092.67, ""x2"": 2034.17, ""y2"": 2971.58, ""confidence"": 0.5816, ""class_id"": 0, ""class_name"": ""person""}, {""x1"": 1979.93, ""y1"": 2075.04, ""x2"": 2156.14, ""y2"": 2788.92, ""confidence"": 0.4258, ""class_id"": 0, ""class_name"": ""person""}, {""x1"": 9.08, ""y1"": 2102.14, ""x2"": 290.98, ""y2"": 3325.15, ""confidence"": 0.3326, ""class_id"": 0, ""class_name"": ""person""}, {""x1"": 1395.38, ""y1"": 1890.04, ""x2"": 1555.53, ""y2"": 2287.27, ""confidence"": 0.2686, ""class_id"": 0, ""class_name"": ""person""}]"
crowd_city_20260611_013614,camera_01,data\video\crowd_city.mp4,32,2026-06-11T01:36:39,2026-06-11T01:36:39,2160,3840,11,75.07,output\experiments\crowd_city_20260611_013614\annotated_frames\camera_01_frame_000032.jpg,"[{""x1"": 97.01, ""y1"": 2119.93, ""x2"": 644.99, ""y2"": 3685.16, ""confidence"": 0.8473, ""class_id"": 0, ""class_name"": ""person""}, {""x1"": 465.75, ""y1"": 1988.56, ""x2"": 913.18, ""y2"": 3501.34, ""confidence"": 0.842, ""class_id"": 0, ""class_name"": ""person""}, {""x1"": 1127.51, ""y1"": 2055.67, ""x2"": 1542.6, ""y2"": 3364.47, ""confidence"": 0.8403, ""class_id"": 0, ""class_name"": ""person""}, {""x1"": 1489.31, ""y1"": 2095.2, ""x2"": 1942.66, ""y2"": 3429.69, ""confidence"": 0.7999, ""class_id"": 0, ""class_name"": ""person""}, {""x1"": 832.97, ""y1"": 2155.03, ""x2"": 1143.76, ""y2"": 3369.43, ""confidence"": 0.7002, ""class_id"": 0, ""class_name"": ""person""}, {""x1"": 1810.4, ""y1"": 2091.26, ""x2"": 2032.11, ""y2"": 2965.92, ""confidence"": 0.5709, ""class_id"": 0, ""class_name"": ""person""}, {""x1"": 1972.33, ""y1"": 2062.32, ""x2"": 2156.06, ""y2"": 2788.85, ""confidence"": 0.4169, ""class_id"": 0, ""class_name"": ""person""}, {""x1"": 1397.22, ""y1"": 1887.04, ""x2"": 1555.95, ""y2"": 2281.12, ""confidence"": 0.3589, ""class_id"": 0, ""class_name"": ""person""}, {""x1"": 8.7, ""y1"": 2103.81, ""x2"": 287.14, ""y2"": 3319.02, ""confidence"": 0.3136, ""class_id"": 0, ""class_name"": ""person""}, {""x1"": 745.53, ""y1"": 1843.22, ""x2"": 882.59, ""y2"": 2192.53, ""confidence"": 0.2581, ""class_id"": 0, ""class_name"": ""person""}, {""x1"": 391.27, ""y1"": 1907.88, ""x2"": 518.22, ""y2"": 2193.78, ""confidence"": 0.2521, ""class_id"": 0, ""class_name"": ""person""}]"
crowd_city_20260611_013614,camera_01,data\video\crowd_city.mp4,33,2026-06-11T01:36:40,2026-06-11T01:36:40,2160,3840,10,84.77,output\experiments\crowd_city_20260611_013614\annotated_frames\camera_01_frame_000033.jpg,"[{""x1"": 96.9, ""y1"": 2123.67, ""x2"": 649.6, ""y2"": 3699.57, ""confidence"": 0.8459, ""class_id"": 0, ""class_name"": ""person""}, {""x1"": 1128.19, ""y1"": 2061.98, ""x2"": 1549.4, ""y2"": 3360.87, ""confidence"": 0.8402, ""class_id"": 0, ""class_name"": ""person""}, {""x1"": 468.35, ""y1"": 1990.89, ""x2"": 916.38, ""y2"": 3515.34, ""confidence"": 0.8254, ""class_id"": 0, ""class_name"": ""person""}, {""x1"": 1494.26, ""y1"": 2097.19, ""x2"": 1959.28, ""y2"": 3425.03, ""confidence"": 0.7879, ""class_id"": 0, ""class_name"": ""person""}, {""x1"": 836.06, ""y1"": 2138.09, ""x2"": 1143.24, ""y2"": 3420.48, ""confidence"": 0.7146, ""class_id"": 0, ""class_name"": ""person""}, {""x1"": 1812.54, ""y1"": 2091.87, ""x2"": 2034.28, ""y2"": 2963.64, ""confidence"": 0.5451, ""class_id"": 0, ""class_name"": ""person""}, {""x1"": 1974.53, ""y1"": 2071.66, ""x2"": 2155.0, ""y2"": 2786.18, ""confidence"": 0.4443, ""class_id"": 0, ""class_name"": ""person""}, {""x1"": 1399.31, ""y1"": 1882.92, ""x2"": 1559.68, ""y2"": 2276.04, ""confidence"": 0.3196, ""class_id"": 0, ""class_name"": ""person""}, {""x1"": 7.73, ""y1"": 2105.77, ""x2"": 285.37, ""y2"": 3338.47, ""confidence"": 0.2925, ""class_id"": 0, ""class_name"": ""person""}, {""x1"": 743.11, ""y1"": 1844.25, ""x2"": 882.75, ""y2"": 2186.95, ""confidence"": 0.2875, ""class_id"": 0, ""class_name"": ""person""}]"
crowd_city_20260611_013614,camera_01,data\video\crowd_city.mp4,34,2026-06-11T01:36:40,2026-06-11T01:36:40,2160,3840,10,82.15,output\experiments\crowd_city_20260611_013614\annotated_frames\camera_01_frame_000034.jpg,"[{""x1"": 1133.07, ""y1"": 2065.11, ""x2"": 1553.21, ""y2"": 3370.35, ""confidence"": 0.8314, ""class_id"": 0, ""class_name"": ""person""}, {""x1"": 87.03, ""y1"": 2130.27, ""x2"": 651.49, ""y2"": 3705.42, ""confidence"": 0.8291, ""class_id"": 0, ""class_name"": ""person""}, {""x1"": 474.56, ""y1"": 1990.25, ""x2"": 918.15, ""y2"": 3527.63, ""confidence"": 0.8096, ""class_id"": 0, ""class_name"": ""person""}, {""x1"": 1505.61, ""y1"": 2102.39, ""x2"": 1967.3, ""y2"": 3414.18, ""confidence"": 0.7795, ""class_id"": 0, ""class_name"": ""person""}, {""x1"": 830.39, ""y1"": 2142.78, ""x2"": 1133.1, ""y2"": 3425.0, ""confidence"": 0.7344, ""class_id"": 0, ""class_name"": ""person""}, {""x1"": 1815.19, ""y1"": 2092.05, ""x2"": 2028.36, ""y2"": 2960.63, ""confidence"": 0.5182, ""class_id"": 0, ""class_name"": ""person""}, {""x1"": 1965.0, ""y1"": 2084.87, ""x2"": 2157.86, ""y2"": 2788.75, ""confidence"": 0.4559, ""class_id"": 0, ""class_name"": ""person""}, {""x1"": 739.78, ""y1"": 1840.15, ""x2"": 880.99, ""y2"": 2183.16, ""confidence"": 0.3572, ""class_id"": 0, ""class_name"": ""person""}, {""x1"": 1398.62, ""y1"": 1880.58, ""x2"": 1559.04, ""y2"": 2275.31, ""confidence"": 0.2809, ""class_id"": 0, ""class_name"": ""person""}, {""x1"": 8.24, ""y1"": 2109.41, ""x2"": 289.95, ""y2"": 3371.92, ""confidence"": 0.265, ""class_id"": 0, ""class_name"": ""person""}]"
crowd_city_20260611_013614,camera_01,data\video\crowd_city.mp4,35,2026-06-11T01:36:40,2026-06-11T01:36:40,2160,3840,8,77.09,output\experiments\crowd_city_20260611_013614\annotated_frames\camera_01_frame_000035.jpg,"[{""x1"": 1133.99, ""y1"": 2063.65, ""x2"": 1560.14, ""y2"": 3368.38, ""confidence"": 0.8476, ""class_id"": 0, ""class_name"": ""person""}, {""x1"": 83.6, ""y1"": 2138.1, ""x2"": 653.1, ""y2"": 3702.97, ""confidence"": 0.8233, ""class_id"": 0, ""class_name"": ""person""}, {""x1"": 475.87, ""y1"": 1989.65, ""x2"": 922.99, ""y2"": 3538.51, ""confidence"": 0.8193, ""class_id"": 0, ""class_name"": ""person""}, {""x1"": 1511.97, ""y1"": 2102.47, ""x2"": 1963.22, ""y2"": 3413.29, ""confidence"": 0.7768, ""class_id"": 0, ""class_name"": ""person""}, {""x1"": 828.16, ""y1"": 2140.9, ""x2"": 1133.29, ""y2"": 3433.83, ""confidence"": 0.7474, ""class_id"": 0, ""class_name"": ""person""}, {""x1"": 1814.68, ""y1"": 2091.66, ""x2"": 2029.85, ""y2"": 2959.99, ""confidence"": 0.4712, ""class_id"": 0, ""class_name"": ""person""}, {""x1"": 1964.27, ""y1"": 2078.66, ""x2"": 2153.99, ""y2"": 2789.67, ""confidence"": 0.467, ""class_id"": 0, ""class_name"": ""person""}, {""x1"": 738.86, ""y1"": 1836.88, ""x2"": 883.03, ""y2"": 2180.6, ""confidence"": 0.373, ""class_id"": 0, ""class_name"": ""person""}]"
crowd_city_20260611_013614,camera_01,data\video\crowd_city.mp4,36,2026-06-11T01:36:40,2026-06-11T01:36:41,2160,3840,8,91.59,output\experiments\crowd_city_20260611_013614\annotated_frames\camera_01_frame_000036.jpg,"[{""x1"": 1137.68, ""y1"": 2068.58, ""x2"": 1566.09, ""y2"": 3368.09, ""confidence"": 0.8531, ""class_id"": 0, ""class_name"": ""person""}, {""x1"": 479.61, ""y1"": 1989.41, ""x2"": 922.95, ""y2"": 3545.9, ""confidence"": 0.8162, ""class_id"": 0, ""class_name"": ""person""}, {""x1"": 94.88, ""y1"": 2136.76, ""x2"": 656.27, ""y2"": 3710.46, ""confidence"": 0.8129, ""class_id"": 0, ""class_name"": ""person""}, {""x1"": 1516.26, ""y1"": 2103.4, ""x2"": 1965.51, ""y2"": 3405.83, ""confidence"": 0.7713, ""class_id"": 0, ""class_name"": ""person""}, {""x1"": 827.16, ""y1"": 2142.78, ""x2"": 1140.25, ""y2"": 3442.45, ""confidence"": 0.753, ""class_id"": 0, ""class_name"": ""person""}, {""x1"": 1816.32, ""y1"": 2090.26, ""x2"": 2037.2, ""y2"": 2950.61, ""confidence"": 0.4369, ""class_id"": 0, ""class_name"": ""person""}, {""x1"": 1962.58, ""y1"": 2061.73, ""x2"": 2154.41, ""y2"": 2784.3, ""confidence"": 0.4246, ""class_id"": 0, ""class_name"": ""person""}, {""x1"": 744.14, ""y1"": 1840.92, ""x2"": 881.18, ""y2"": 2183.78, ""confidence"": 0.3424, ""class_id"": 0, ""class_name"": ""person""}]"
crowd_city_20260611_013614,camera_01,data\video\crowd_city.mp4,37,2026-06-11T01:36:41,2026-06-11T01:36:41,2160,3840,8,80.43,output\experiments\crowd_city_20260611_013614\annotated_frames\camera_01_frame_000037.jpg,"[{""x1"": 1138.29, ""y1"": 2060.5, ""x2"": 1569.82, ""y2"": 3372.02, ""confidence"": 0.8608, ""class_id"": 0, ""class_name"": ""person""}, {""x1"": 484.86, ""y1"": 1984.4, ""x2"": 929.28, ""y2"": 3553.01, ""confidence"": 0.8266, ""class_id"": 0, ""class_name"": ""person""}, {""x1"": 96.71, ""y1"": 2142.93, ""x2"": 658.89, ""y2"": 3709.65, ""confidence"": 0.8124, ""class_id"": 0, ""class_name"": ""person""}, {""x1"": 1525.36, ""y1"": 2108.64, ""x2"": 1963.39, ""y2"": 3399.78, ""confidence"": 0.7816, ""class_id"": 0, ""class_name"": ""person""}, {""x1"": 831.4, ""y1"": 2137.93, ""x2"": 1134.42, ""y2"": 3453.7, ""confidence"": 0.7336, ""class_id"": 0, ""class_name"": ""person""}, {""x1"": 1822.91, ""y1"": 2090.48, ""x2"": 2049.84, ""y2"": 2947.81, ""confidence"": 0.4161, ""class_id"": 0, ""class_name"": ""person""}, {""x1"": 1960.3, ""y1"": 2061.33, ""x2"": 2152.0, ""y2"": 2777.51, ""confidence"": 0.3791, ""class_id"": 0, ""class_name"": ""person""}, {""x1"": 745.05, ""y1"": 1842.6, ""x2"": 880.12, ""y2"": 2182.26, ""confidence"": 0.3174, ""class_id"": 0, ""class_name"": ""person""}]"
crowd_city_20260611_013614,camera_01,data\video\crowd_city.mp4,38,2026-06-11T01:36:41,2026-06-11T01:36:41,2160,3840,8,80.38,output\experiments\crowd_city_20260611_013614\annotated_frames\camera_01_frame_000038.jpg,"[{""x1"": 1140.1, ""y1"": 2063.67, ""x2"": 1572.67, ""y2"": 3372.73, ""confidence"": 0.8453, ""class_id"": 0, ""class_name"": ""person""}, {""x1"": 484.9, ""y1"": 1983.51, ""x2"": 932.11, ""y2"": 3556.48, ""confidence"": 0.8263, ""class_id"": 0, ""class_name"": ""person""}, {""x1"": 99.47, ""y1"": 2140.15, ""x2"": 661.47, ""y2"": 3733.51, ""confidence"": 0.8077, ""class_id"": 0, ""class_name"": ""person""}, {""x1"": 1532.76, ""y1"": 2110.43, ""x2"": 1962.9, ""y2"": 3397.15, ""confidence"": 0.7939, ""class_id"": 0, ""class_name"": ""person""}, {""x1"": 833.4, ""y1"": 2130.69, ""x2"": 1134.12, ""y2"": 3451.72, ""confidence"": 0.7202, ""class_id"": 0, ""class_name"": ""person""}, {""x1"": 1827.04, ""y1"": 2093.83, ""x2"": 2052.16, ""y2"": 2916.74, ""confidence"": 0.382, ""class_id"": 0, ""class_name"": ""person""}, {""x1"": 1955.98, ""y1"": 2057.05, ""x2"": 2142.32, ""y2"": 2783.74, ""confidence"": 0.3112, ""class_id"": 0, ""class_name"": ""person""}, {""x1"": 745.83, ""y1"": 1841.54, ""x2"": 881.56, ""y2"": 2190.06, ""confidence"": 0.3015, ""class_id"": 0, ""class_name"": ""person""}]"
crowd_city_20260611_013614,camera_01,data\video\crowd_city.mp4,39,2026-06-11T01:36:41,2026-06-11T01:36:41,2160,3840,8,91.82,output\experiments\crowd_city_20260611_013614\annotated_frames\camera_01_frame_000039.jpg,"[{""x1"": 1153.09, ""y1"": 2062.74, ""x2"": 1575.99, ""y2"": 3372.05, ""confidence"": 0.841, ""class_id"": 0, ""class_name"": ""person""}, {""x1"": 1542.55, ""y1"": 2112.46, ""x2"": 1961.3, ""y2"": 3396.4, ""confidence"": 0.8257, ""class_id"": 0, ""class_name"": ""person""}, {""x1"": 487.64, ""y1"": 1981.37, ""x2"": 933.13, ""y2"": 3562.74, ""confidence"": 0.8156, ""class_id"": 0, ""class_name"": ""person""}, {""x1"": 94.13, ""y1"": 2139.36, ""x2"": 667.51, ""y2"": 3739.57, ""confidence"": 0.8018, ""class_id"": 0, ""class_name"": ""person""}, {""x1"": 835.7, ""y1"": 2129.37, ""x2"": 1138.0, ""y2"": 3447.64, ""confidence"": 0.7029, ""class_id"": 0, ""class_name"": ""person""}, {""x1"": 1826.45, ""y1"": 2088.13, ""x2"": 2047.95, ""y2"": 2939.05, ""confidence"": 0.3511, ""class_id"": 0, ""class_name"": ""person""}, {""x1"": 1953.91, ""y1"": 2055.91, ""x2"": 2147.66, ""y2"": 2777.7, ""confidence"": 0.2907, ""class_id"": 0, ""class_name"": ""person""}, {""x1"": 746.82, ""y1"": 1842.03, ""x2"": 884.54, ""y2"": 2198.06, ""confidence"": 0.2524, ""class_id"": 0, ""class_name"": ""person""}]"
crowd_city_20260611_013614,camera_01,data\video\crowd_city.mp4,40,2026-06-11T01:36:41,2026-06-11T01:36:42,2160,3840,7,78.72,output\experiments\crowd_city_20260611_013614\annotated_frames\camera_01_frame_000040.jpg,"[{""x1"": 1152.64, ""y1"": 2055.89, ""x2"": 1583.17, ""y2"": 3372.19, ""confidence"": 0.842, ""class_id"": 0, ""class_name"": ""person""}, {""x1"": 1547.84, ""y1"": 2109.7, ""x2"": 1962.3, ""y2"": 3396.47, ""confidence"": 0.8236, ""class_id"": 0, ""class_name"": ""person""}, {""x1"": 491.21, ""y1"": 1986.62, ""x2"": 932.73, ""y2"": 3566.66, ""confidence"": 0.8228, ""class_id"": 0, ""class_name"": ""person""}, {""x1"": 96.34, ""y1"": 2134.41, ""x2"": 663.21, ""y2"": 3732.91, ""confidence"": 0.8158, ""class_id"": 0, ""class_name"": ""person""}, {""x1"": 833.91, ""y1"": 2131.11, ""x2"": 1144.27, ""y2"": 3440.63, ""confidence"": 0.7249, ""class_id"": 0, ""class_name"": ""person""}, {""x1"": 1826.68, ""y1"": 2088.66, ""x2"": 2049.13, ""y2"": 2940.62, ""confidence"": 0.3751, ""class_id"": 0, ""class_name"": ""person""}, {""x1"": 1948.19, ""y1"": 2062.68, ""x2"": 2145.44, ""y2"": 2779.64, ""confidence"": 0.2566, ""class_id"": 0, ""class_name"": ""person""}]"
crowd_city_20260611_013614,camera_01,data\video\crowd_city.mp4,41,2026-06-11T01:36:42,2026-06-11T01:36:42,2160,3840,6,80.39,output\experiments\crowd_city_20260611_013614\annotated_frames\camera_01_frame_000041.jpg,"[{""x1"": 1159.95, ""y1"": 2056.19, ""x2"": 1591.74, ""y2"": 3370.28, ""confidence"": 0.8503, ""class_id"": 0, ""class_name"": ""person""}, {""x1"": 94.31, ""y1"": 2131.4, ""x2"": 665.94, ""y2"": 3733.55, ""confidence"": 0.8295, ""class_id"": 0, ""class_name"": ""person""}, {""x1"": 1550.99, ""y1"": 2109.86, ""x2"": 1968.26, ""y2"": 3394.03, ""confidence"": 0.8249, ""class_id"": 0, ""class_name"": ""person""}, {""x1"": 498.23, ""y1"": 1984.79, ""x2"": 933.62, ""y2"": 3572.7, ""confidence"": 0.8165, ""class_id"": 0, ""class_name"": ""person""}, {""x1"": 829.29, ""y1"": 2133.21, ""x2"": 1146.93, ""y2"": 3437.25, ""confidence"": 0.7197, ""class_id"": 0, ""class_name"": ""person""}, {""x1"": 1825.4, ""y1"": 2088.92, ""x2"": 2046.44, ""y2"": 2942.5, ""confidence"": 0.3597, ""class_id"": 0, ""class_name"": ""person""}]"
crowd_city_20260611_013614,camera_01,data\video\crowd_city.mp4,42,2026-06-11T01:36:42,2026-06-11T01:36:42,2160,3840,6,82.55,output\experiments\crowd_city_20260611_013614\annotated_frames\camera_01_frame_000042.jpg,"[{""x1"": 1165.66, ""y1"": 2065.86, ""x2"": 1604.38, ""y2"": 3367.41, ""confidence"": 0.8351, ""class_id"": 0, ""class_name"": ""person""}, {""x1"": 97.58, ""y1"": 2125.9, ""x2"": 668.43, ""y2"": 3727.55, ""confidence"": 0.8236, ""class_id"": 0, ""class_name"": ""person""}, {""x1"": 1552.46, ""y1"": 2112.69, ""x2"": 1971.79, ""y2"": 3388.5, ""confidence"": 0.8162, ""class_id"": 0, ""class_name"": ""person""}, {""x1"": 499.79, ""y1"": 1987.98, ""x2"": 934.09, ""y2"": 3572.56, ""confidence"": 0.8083, ""class_id"": 0, ""class_name"": ""person""}, {""x1"": 825.94, ""y1"": 2126.82, ""x2"": 1160.01, ""y2"": 3429.91, ""confidence"": 0.7252, ""class_id"": 0, ""class_name"": ""person""}, {""x1"": 1828.11, ""y1"": 2093.07, ""x2"": 2044.48, ""y2"": 2954.06, ""confidence"": 0.2604, ""class_id"": 0, ""class_name"": ""person""}]"
crowd_city_20260611_013614,camera_01,data\video\crowd_city.mp4,43,2026-06-11T01:36:42,2026-06-11T01:36:42,2160,3840,5,78.57,output\experiments\crowd_city_20260611_013614\annotated_frames\camera_01_frame_000043.jpg,"[{""x1"": 108.78, ""y1"": 2118.93, ""x2"": 671.24, ""y2"": 3727.14, ""confidence"": 0.8412, ""class_id"": 0, ""class_name"": ""person""}, {""x1"": 1165.48, ""y1"": 2066.54, ""x2"": 1606.48, ""y2"": 3362.84, ""confidence"": 0.8373, ""class_id"": 0, ""class_name"": ""person""}, {""x1"": 1555.66, ""y1"": 2112.87, ""x2"": 1968.26, ""y2"": 3372.42, ""confidence"": 0.8359, ""class_id"": 0, ""class_name"": ""person""}, {""x1"": 500.19, ""y1"": 1991.32, ""x2"": 934.19, ""y2"": 3572.4, ""confidence"": 0.7946, ""class_id"": 0, ""class_name"": ""person""}, {""x1"": 825.79, ""y1"": 2120.39, ""x2"": 1169.54, ""y2"": 3382.26, ""confidence"": 0.7335, ""class_id"": 0, ""class_name"": ""person""}]"
crowd_city_20260611_013614,camera_01,data\video\crowd_city.mp4,44,2026-06-11T01:36:42,2026-06-11T01:36:43,2160,3840,5,76.69,output\experiments\crowd_city_20260611_013614\annotated_frames\camera_01_frame_000044.jpg,"[{""x1"": 118.44, ""y1"": 2115.89, ""x2"": 670.82, ""y2"": 3731.22, ""confidence"": 0.8607, ""class_id"": 0, ""class_name"": ""person""}, {""x1"": 1557.1, ""y1"": 2110.22, ""x2"": 1971.52, ""y2"": 3365.47, ""confidence"": 0.8299, ""class_id"": 0, ""class_name"": ""person""}, {""x1"": 1166.34, ""y1"": 2075.56, ""x2"": 1612.96, ""y2"": 3351.73, ""confidence"": 0.8043, ""class_id"": 0, ""class_name"": ""person""}, {""x1"": 501.79, ""y1"": 1990.82, ""x2"": 934.37, ""y2"": 3565.28, ""confidence"": 0.7874, ""class_id"": 0, ""class_name"": ""person""}, {""x1"": 824.99, ""y1"": 2120.52, ""x2"": 1176.25, ""y2"": 3380.75, ""confidence"": 0.7619, ""class_id"": 0, ""class_name"": ""person""}]"
crowd_city_20260611_013614,camera_01,data\video\crowd_city.mp4,45,2026-06-11T01:36:43,2026-06-11T01:36:43,2160,3840,6,78.69,output\experiments\crowd_city_20260611_013614\annotated_frames\camera_01_frame_000045.jpg,"[{""x1"": 119.29, ""y1"": 2110.54, ""x2"": 681.89, ""y2"": 3733.86, ""confidence"": 0.8582, ""class_id"": 0, ""class_name"": ""person""}, {""x1"": 1563.13, ""y1"": 2105.99, ""x2"": 1976.53, ""y2"": 3358.76, ""confidence"": 0.832, ""class_id"": 0, ""class_name"": ""person""}, {""x1"": 1170.59, ""y1"": 2074.85, ""x2"": 1614.22, ""y2"": 3360.64, ""confidence"": 0.81, ""class_id"": 0, ""class_name"": ""person""}, {""x1"": 506.94, ""y1"": 1993.46, ""x2"": 937.22, ""y2"": 3580.64, ""confidence"": 0.7738, ""class_id"": 0, ""class_name"": ""person""}, {""x1"": 822.29, ""y1"": 2122.53, ""x2"": 1175.26, ""y2"": 3387.53, ""confidence"": 0.7499, ""class_id"": 0, ""class_name"": ""person""}, {""x1"": 8.33, ""y1"": 2125.25, ""x2"": 304.74, ""y2"": 3489.3, ""confidence"": 0.2543, ""class_id"": 0, ""class_name"": ""person""}]"
crowd_city_20260611_013614,camera_01,data\video\crowd_city.mp4,46,2026-06-11T01:36:43,2026-06-11T01:36:43,2160,3840,7,76.62,output\experiments\crowd_city_20260611_013614\annotated_frames\camera_01_frame_000046.jpg,"[{""x1"": 125.4, ""y1"": 2103.86, ""x2"": 700.88, ""y2"": 3737.12, ""confidence"": 0.8658, ""class_id"": 0, ""class_name"": ""person""}, {""x1"": 1565.01, ""y1"": 2105.6, ""x2"": 1982.89, ""y2"": 3353.08, ""confidence"": 0.8142, ""class_id"": 0, ""class_name"": ""person""}, {""x1"": 1179.92, ""y1"": 2080.97, ""x2"": 1613.96, ""y2"": 3364.04, ""confidence"": 0.7977, ""class_id"": 0, ""class_name"": ""person""}, {""x1"": 507.78, ""y1"": 1997.95, ""x2"": 940.52, ""y2"": 3584.1, ""confidence"": 0.7754, ""class_id"": 0, ""class_name"": ""person""}, {""x1"": 821.53, ""y1"": 2117.65, ""x2"": 1172.28, ""y2"": 3385.77, ""confidence"": 0.7489, ""class_id"": 0, ""class_name"": ""person""}, {""x1"": 23.33, ""y1"": 2110.44, ""x2"": 313.46, ""y2"": 3462.11, ""confidence"": 0.2881, ""class_id"": 0, ""class_name"": ""person""}, {""x1"": 396.72, ""y1"": 1906.98, ""x2"": 524.1, ""y2"": 2129.58, ""confidence"": 0.2563, ""class_id"": 0, ""class_name"": ""person""}]"
crowd_city_20260611_013614,camera_01,data\video\crowd_city.mp4,47,2026-06-11T01:36:43,2026-06-11T01:36:43,2160,3840,6,80.85,output\experiments\crowd_city_20260611_013614\annotated_frames\camera_01_frame_000047.jpg,"[{""x1"": 128.65, ""y1"": 2101.94, ""x2"": 699.63, ""y2"": 3740.73, ""confidence"": 0.8686, ""class_id"": 0, ""class_name"": ""person""}, {""x1"": 1567.58, ""y1"": 2107.14, ""x2"": 1980.35, ""y2"": 3352.06, ""confidence"": 0.8141, ""class_id"": 0, ""class_name"": ""person""}, {""x1"": 1187.23, ""y1"": 2081.43, ""x2"": 1618.2, ""y2"": 3366.83, ""confidence"": 0.7859, ""class_id"": 0, ""class_name"": ""person""}, {""x1"": 507.06, ""y1"": 1996.95, ""x2"": 941.42, ""y2"": 3585.06, ""confidence"": 0.7624, ""class_id"": 0, ""class_name"": ""person""}, {""x1"": 824.46, ""y1"": 2117.24, ""x2"": 1172.98, ""y2"": 3385.4, ""confidence"": 0.7363, ""class_id"": 0, ""class_name"": ""person""}, {""x1"": 21.48, ""y1"": 2109.14, ""x2"": 312.13, ""y2"": 3481.34, ""confidence"": 0.3209, ""class_id"": 0, ""class_name"": ""person""}]"
crowd_city_20260611_013614,camera_01,data\video\crowd_city.mp4,48,2026-06-11T01:36:43,2026-06-11T01:36:44,2160,3840,5,80.54,output\experiments\crowd_city_20260611_013614\annotated_frames\camera_01_frame_000048.jpg,"[{""x1"": 120.66, ""y1"": 2103.16, ""x2"": 711.57, ""y2"": 3740.26, ""confidence"": 0.8765, ""class_id"": 0, ""class_name"": ""person""}, {""x1"": 1569.33, ""y1"": 2103.57, ""x2"": 1984.06, ""y2"": 3345.58, ""confidence"": 0.8038, ""class_id"": 0, ""class_name"": ""person""}, {""x1"": 1193.2, ""y1"": 2089.85, ""x2"": 1624.44, ""y2"": 3362.45, ""confidence"": 0.7941, ""class_id"": 0, ""class_name"": ""person""}, {""x1"": 507.47, ""y1"": 1998.93, ""x2"": 942.25, ""y2"": 3576.03, ""confidence"": 0.7693, ""class_id"": 0, ""class_name"": ""person""}, {""x1"": 824.43, ""y1"": 2113.64, ""x2"": 1172.62, ""y2"": 3387.46, ""confidence"": 0.7481, ""class_id"": 0, ""class_name"": ""person""}]"
crowd_city_20260611_013614,camera_01,data\video\crowd_city.mp4,49,2026-06-11T01:36:44,2026-06-11T01:36:44,2160,3840,7,83.48,output\experiments\crowd_city_20260611_013614\annotated_frames\camera_01_frame_000049.jpg,"[{""x1"": 119.72, ""y1"": 2100.92, ""x2"": 705.04, ""y2"": 3745.53, ""confidence"": 0.8734, ""class_id"": 0, ""class_name"": ""person""}, {""x1"": 1571.94, ""y1"": 2101.0, ""x2"": 1983.39, ""y2"": 3345.1, ""confidence"": 0.7873, ""class_id"": 0, ""class_name"": ""person""}, {""x1"": 507.72, ""y1"": 1994.46, ""x2"": 943.9, ""y2"": 3588.45, ""confidence"": 0.7823, ""class_id"": 0, ""class_name"": ""person""}, {""x1"": 1195.39, ""y1"": 2099.26, ""x2"": 1628.37, ""y2"": 3364.72, ""confidence"": 0.78, ""class_id"": 0, ""class_name"": ""person""}, {""x1"": 828.79, ""y1"": 2115.11, ""x2"": 1175.34, ""y2"": 3388.33, ""confidence"": 0.7473, ""class_id"": 0, ""class_name"": ""person""}, {""x1"": 6.5, ""y1"": 2119.39, ""x2"": 305.21, ""y2"": 3508.26, ""confidence"": 0.2741, ""class_id"": 0, ""class_name"": ""person""}, {""x1"": 1839.04, ""y1"": 2088.49, ""x2"": 2104.45, ""y2"": 2914.94, ""confidence"": 0.2543, ""class_id"": 0, ""class_name"": ""person""}]"
crowd_city_20260611_013614,camera_01,data\video\crowd_city.mp4,50,2026-06-11T01:36:44,2026-06-11T01:36:44,2160,3840,7,77.38,output\experiments\crowd_city_20260611_013614\annotated_frames\camera_01_frame_000050.jpg,"[{""x1"": 114.5, ""y1"": 2098.82, ""x2"": 714.02, ""y2"": 3748.69, ""confidence"": 0.8673, ""class_id"": 0, ""class_name"": ""person""}, {""x1"": 1572.6, ""y1"": 2097.72, ""x2"": 1983.54, ""y2"": 3346.42, ""confidence"": 0.7922, ""class_id"": 0, ""class_name"": ""person""}, {""x1"": 1195.23, ""y1"": 2094.83, ""x2"": 1634.14, ""y2"": 3355.06, ""confidence"": 0.7892, ""class_id"": 0, ""class_name"": ""person""}, {""x1"": 502.62, ""y1"": 1992.97, ""x2"": 944.75, ""y2"": 3596.79, ""confidence"": 0.7881, ""class_id"": 0, ""class_name"": ""person""}, {""x1"": 834.03, ""y1"": 2107.65, ""x2"": 1179.28, ""y2"": 3429.86, ""confidence"": 0.7317, ""class_id"": 0, ""class_name"": ""person""}, {""x1"": 1838.68, ""y1"": 2089.67, ""x2"": 2104.6, ""y2"": 2845.99, ""confidence"": 0.349, ""class_id"": 0, ""class_name"": ""person""}, {""x1"": 6.46, ""y1"": 2119.84, ""x2"": 299.37, ""y2"": 3506.22, ""confidence"": 0.3383, ""class_id"": 0, ""class_name"": ""person""}]"
crowd_city_20260611_013614,camera_01,data\video\crowd_city.mp4,51,2026-06-11T01:36:44,2026-06-11T01:36:44,2160,3840,7,76.85,output\experiments\crowd_city_20260611_013614\annotated_frames\camera_01_frame_000051.jpg,"[{""x1"": 114.37, ""y1"": 2095.79, ""x2"": 713.92, ""y2"": 3749.08, ""confidence"": 0.8735, ""class_id"": 0, ""class_name"": ""person""}, {""x1"": 1575.06, ""y1"": 2099.22, ""x2"": 1983.89, ""y2"": 3344.91, ""confidence"": 0.7943, ""class_id"": 0, ""class_name"": ""person""}, {""x1"": 1192.63, ""y1"": 2093.49, ""x2"": 1636.47, ""y2"": 3357.01, ""confidence"": 0.7874, ""class_id"": 0, ""class_name"": ""person""}, {""x1"": 498.54, ""y1"": 2000.13, ""x2"": 944.47, ""y2"": 3598.72, ""confidence"": 0.7836, ""class_id"": 0, ""class_name"": ""person""}, {""x1"": 830.85, ""y1"": 2106.3, ""x2"": 1181.56, ""y2"": 3435.61, ""confidence"": 0.7496, ""class_id"": 0, ""class_name"": ""person""}, {""x1"": 1840.46, ""y1"": 2085.92, ""x2"": 2114.03, ""y2"": 2869.41, ""confidence"": 0.4149, ""class_id"": 0, ""class_name"": ""person""}, {""x1"": 4.47, ""y1"": 2121.86, ""x2"": 284.17, ""y2"": 3521.12, ""confidence"": 0.3295, ""class_id"": 0, ""class_name"": ""person""}]"
crowd_city_20260611_013614,camera_01,data\video\crowd_city.mp4,52,2026-06-11T01:36:44,2026-06-11T01:36:45,2160,3840,7,76.6,output\experiments\crowd_city_20260611_013614\annotated_frames\camera_01_frame_000052.jpg,"[{""x1"": 116.74, ""y1"": 2104.38, ""x2"": 713.34, ""y2"": 3746.25, ""confidence"": 0.8811, ""class_id"": 0, ""class_name"": ""person""}, {""x1"": 1575.49, ""y1"": 2093.17, ""x2"": 1979.74, ""y2"": 3343.96, ""confidence"": 0.7888, ""class_id"": 0, ""class_name"": ""person""}, {""x1"": 494.78, ""y1"": 2007.4, ""x2"": 946.55, ""y2"": 3616.09, ""confidence"": 0.7773, ""class_id"": 0, ""class_name"": ""person""}, {""x1"": 1199.06, ""y1"": 2097.59, ""x2"": 1634.97, ""y2"": 3345.7, ""confidence"": 0.776, ""class_id"": 0, ""class_name"": ""person""}, {""x1"": 822.78, ""y1"": 2107.61, ""x2"": 1182.94, ""y2"": 3390.85, ""confidence"": 0.7478, ""class_id"": 0, ""class_name"": ""person""}, {""x1"": 1843.56, ""y1"": 2084.78, ""x2"": 2110.31, ""y2"": 2892.22, ""confidence"": 0.433, ""class_id"": 0, ""class_name"": ""person""}, {""x1"": 4.38, ""y1"": 2124.58, ""x2"": 291.0, ""y2"": 3486.97, ""confidence"": 0.3367, ""class_id"": 0, ""class_name"": ""person""}]"
crowd_city_20260611_013614,camera_01,data\video\crowd_city.mp4,53,2026-06-11T01:36:45,2026-06-11T01:36:45,2160,3840,8,85.65,output\experiments\crowd_city_20260611_013614\annotated_frames\camera_01_frame_000053.jpg,"[{""x1"": 116.73, ""y1"": 2093.64, ""x2"": 716.69, ""y2"": 3746.23, ""confidence"": 0.8752, ""class_id"": 0, ""class_name"": ""person""}, {""x1"": 1575.05, ""y1"": 2088.82, ""x2"": 1967.39, ""y2"": 3340.86, ""confidence"": 0.7743, ""class_id"": 0, ""class_name"": ""person""}, {""x1"": 1200.78, ""y1"": 2089.95, ""x2"": 1631.58, ""y2"": 3349.11, ""confidence"": 0.7734, ""class_id"": 0, ""class_name"": ""person""}, {""x1"": 492.18, ""y1"": 1993.69, ""x2"": 947.87, ""y2"": 3622.0, ""confidence"": 0.772, ""class_id"": 0, ""class_name"": ""person""}, {""x1"": 820.74, ""y1"": 2103.77, ""x2"": 1185.11, ""y2"": 3386.57, ""confidence"": 0.7469, ""class_id"": 0, ""class_name"": ""person""}, {""x1"": 1837.97, ""y1"": 2081.33, ""x2"": 2108.16, ""y2"": 2906.63, ""confidence"": 0.4541, ""class_id"": 0, ""class_name"": ""person""}, {""x1"": 3.34, ""y1"": 2126.85, ""x2"": 283.84, ""y2"": 3517.9, ""confidence"": 0.3519, ""class_id"": 0, ""class_name"": ""person""}, {""x1"": 753.24, ""y1"": 1826.76, ""x2"": 892.52, ""y2"": 2218.99, ""confidence"": 0.2737, ""class_id"": 0, ""class_name"": ""person""}]"
crowd_city_20260611_013614,camera_01,data\video\crowd_city.mp4,54,2026-06-11T01:36:45,2026-06-11T01:36:45,2160,3840,7,86.24,output\experiments\crowd_city_20260611_013614\annotated_frames\camera_01_frame_000054.jpg,"[{""x1"": 115.06, ""y1"": 2092.58, ""x2"": 717.36, ""y2"": 3748.28, ""confidence"": 0.8795, ""class_id"": 0, ""class_name"": ""person""}, {""x1"": 1577.43, ""y1"": 2088.93, ""x2"": 1968.59, ""y2"": 3341.39, ""confidence"": 0.7853, ""class_id"": 0, ""class_name"": ""person""}, {""x1"": 1200.67, ""y1"": 2091.87, ""x2"": 1633.41, ""y2"": 3344.1, ""confidence"": 0.772, ""class_id"": 0, ""class_name"": ""person""}, {""x1"": 489.13, ""y1"": 1997.91, ""x2"": 951.49, ""y2"": 3621.82, ""confidence"": 0.7546, ""class_id"": 0, ""class_name"": ""person""}, {""x1"": 824.48, ""y1"": 2105.1, ""x2"": 1184.83, ""y2"": 3432.44, ""confidence"": 0.7456, ""class_id"": 0, ""class_name"": ""person""}, {""x1"": 1837.56, ""y1"": 2078.35, ""x2"": 2108.96, ""y2"": 2900.98, ""confidence"": 0.461, ""class_id"": 0, ""class_name"": ""person""}, {""x1"": 2.13, ""y1"": 2124.13, ""x2"": 282.32, ""y2"": 3502.15, ""confidence"": 0.358, ""class_id"": 0, ""class_name"": ""person""}]"
crowd_city_20260611_013614,camera_01,data\video\crowd_city.mp4,55,2026-06-11T01:36:45,2026-06-11T01:36:45,2160,3840,7,86.05,output\experiments\crowd_city_20260611_013614\annotated_frames\camera_01_frame_000055.jpg,"[{""x1"": 102.17, ""y1"": 2093.04, ""x2"": 723.98, ""y2"": 3755.82, ""confidence"": 0.8871, ""class_id"": 0, ""class_name"": ""person""}, {""x1"": 486.39, ""y1"": 1991.13, ""x2"": 953.82, ""y2"": 3617.32, ""confidence"": 0.7782, ""class_id"": 0, ""class_name"": ""person""}, {""x1"": 1206.06, ""y1"": 2092.0, ""x2"": 1636.93, ""y2"": 3346.53, ""confidence"": 0.7731, ""class_id"": 0, ""class_name"": ""person""}, {""x1"": 1579.58, ""y1"": 2088.82, ""x2"": 1971.63, ""y2"": 3339.74, ""confidence"": 0.7682, ""class_id"": 0, ""class_name"": ""person""}, {""x1"": 828.17, ""y1"": 2114.41, ""x2"": 1189.62, ""y2"": 3450.36, ""confidence"": 0.7436, ""class_id"": 0, ""class_name"": ""person""}, {""x1"": 1835.24, ""y1"": 2077.36, ""x2"": 2109.47, ""y2"": 2897.17, ""confidence"": 0.4443, ""class_id"": 0, ""class_name"": ""person""}, {""x1"": 0.68, ""y1"": 2114.77, ""x2"": 281.58, ""y2"": 3503.84, ""confidence"": 0.3302, ""class_id"": 0, ""class_name"": ""person""}]"
crowd_city_20260611_013614,camera_01,data\video\crowd_city.mp4,56,2026-06-11T01:36:45,2026-06-11T01:36:46,2160,3840,8,84.74,output\experiments\crowd_city_20260611_013614\annotated_frames\camera_01_frame_000056.jpg,"[{""x1"": 98.78, ""y1"": 2089.51, ""x2"": 729.28, ""y2"": 3769.21, ""confidence"": 0.886, ""class_id"": 0, ""class_name"": ""person""}, {""x1"": 485.76, ""y1"": 1998.53, ""x2"": 956.53, ""y2"": 3621.34, ""confidence"": 0.7831, ""class_id"": 0, ""class_name"": ""person""}, {""x1"": 1215.02, ""y1"": 2090.84, ""x2"": 1634.22, ""y2"": 3354.04, ""confidence"": 0.7711, ""class_id"": 0, ""class_name"": ""person""}, {""x1"": 1583.2, ""y1"": 2066.3, ""x2"": 1977.93, ""y2"": 3336.9, ""confidence"": 0.7553, ""class_id"": 0, ""class_name"": ""person""}, {""x1"": 832.69, ""y1"": 2117.92, ""x2"": 1192.58, ""y2"": 3461.87, ""confidence"": 0.7458, ""class_id"": 0, ""class_name"": ""person""}, {""x1"": 1830.93, ""y1"": 2076.37, ""x2"": 2107.8, ""y2"": 2917.7, ""confidence"": 0.4466, ""class_id"": 0, ""class_name"": ""person""}, {""x1"": 1.78, ""y1"": 2107.17, ""x2"": 284.63, ""y2"": 3581.85, ""confidence"": 0.3208, ""class_id"": 0, ""class_name"": ""person""}, {""x1"": 753.46, ""y1"": 1822.85, ""x2"": 894.98, ""y2"": 2208.9, ""confidence"": 0.2799, ""class_id"": 0, ""class_name"": ""person""}]"
crowd_city_20260611_013614,camera_01,data\video\crowd_city.mp4,57,2026-06-11T01:36:46,2026-06-11T01:36:46,2160,3840,7,84.73,output\experiments\crowd_city_20260611_013614\annotated_frames\camera_01_frame_000057.jpg,"[{""x1"": 97.55, ""y1"": 2091.36, ""x2"": 726.31, ""y2"": 3788.98, ""confidence"": 0.8708, ""class_id"": 0, ""class_name"": ""person""}, {""x1"": 482.65, ""y1"": 1996.09, ""x2"": 959.18, ""y2"": 3619.01, ""confidence"": 0.7883, ""class_id"": 0, ""class_name"": ""person""}, {""x1"": 1222.04, ""y1"": 2090.21, ""x2"": 1638.61, ""y2"": 3338.28, ""confidence"": 0.7742, ""class_id"": 0, ""class_name"": ""person""}, {""x1"": 1586.99, ""y1"": 2084.93, ""x2"": 1969.58, ""y2"": 3340.61, ""confidence"": 0.7661, ""class_id"": 0, ""class_name"": ""person""}, {""x1"": 835.92, ""y1"": 2123.19, ""x2"": 1194.73, ""y2"": 3498.88, ""confidence"": 0.7203, ""class_id"": 0, ""class_name"": ""person""}, {""x1"": 1822.5, ""y1"": 2078.84, ""x2"": 2104.14, ""y2"": 2942.52, ""confidence"": 0.4658, ""class_id"": 0, ""class_name"": ""person""}, {""x1"": 1.66, ""y1"": 2104.57, ""x2"": 275.77, ""y2"": 3522.15, ""confidence"": 0.2549, ""class_id"": 0, ""class_name"": ""person""}]"
crowd_city_20260611_013614,camera_01,data\video\crowd_city.mp4,58,2026-06-11T01:36:46,2026-06-11T01:36:46,2160,3840,7,84.46,output\experiments\crowd_city_20260611_013614\annotated_frames\camera_01_frame_000058.jpg,"[{""x1"": 98.54, ""y1"": 2093.57, ""x2"": 723.12, ""y2"": 3815.28, ""confidence"": 0.8801, ""class_id"": 0, ""class_name"": ""person""}, {""x1"": 481.14, ""y1"": 1993.64, ""x2"": 963.42, ""y2"": 3621.94, ""confidence"": 0.8008, ""class_id"": 0, ""class_name"": ""person""}, {""x1"": 1228.41, ""y1"": 2087.01, ""x2"": 1637.72, ""y2"": 3329.16, ""confidence"": 0.7793, ""class_id"": 0, ""class_name"": ""person""}, {""x1"": 1588.22, ""y1"": 2083.8, ""x2"": 1969.81, ""y2"": 3339.76, ""confidence"": 0.7516, ""class_id"": 0, ""class_name"": ""person""}, {""x1"": 837.35, ""y1"": 2125.56, ""x2"": 1198.22, ""y2"": 3512.75, ""confidence"": 0.6912, ""class_id"": 0, ""class_name"": ""person""}, {""x1"": 1822.28, ""y1"": 2081.09, ""x2"": 2083.91, ""y2"": 2951.47, ""confidence"": 0.4674, ""class_id"": 0, ""class_name"": ""person""}, {""x1"": 1.64, ""y1"": 2105.16, ""x2"": 291.53, ""y2"": 3505.83, ""confidence"": 0.2797, ""class_id"": 0, ""class_name"": ""person""}]"
crowd_city_20260611_013614,camera_01,data\video\crowd_city.mp4,59,2026-06-11T01:36:46,2026-06-11T01:36:46,2160,3840,7,85.03,output\experiments\crowd_city_20260611_013614\annotated_frames\camera_01_frame_000059.jpg,"[{""x1"": 94.6, ""y1"": 2098.74, ""x2"": 722.03, ""y2"": 3819.88, ""confidence"": 0.8712, ""class_id"": 0, ""class_name"": ""person""}, {""x1"": 481.41, ""y1"": 1997.56, ""x2"": 967.04, ""y2"": 3627.14, ""confidence"": 0.7917, ""class_id"": 0, ""class_name"": ""person""}, {""x1"": 1224.89, ""y1"": 2080.02, ""x2"": 1637.56, ""y2"": 3315.39, ""confidence"": 0.7599, ""class_id"": 0, ""class_name"": ""person""}, {""x1"": 1589.99, ""y1"": 2085.51, ""x2"": 1971.32, ""y2"": 3341.35, ""confidence"": 0.7357, ""class_id"": 0, ""class_name"": ""person""}, {""x1"": 838.6, ""y1"": 2124.39, ""x2"": 1199.52, ""y2"": 3526.91, ""confidence"": 0.6906, ""class_id"": 0, ""class_name"": ""person""}, {""x1"": 1821.23, ""y1"": 2081.11, ""x2"": 2073.25, ""y2"": 2950.45, ""confidence"": 0.4322, ""class_id"": 0, ""class_name"": ""person""}, {""x1"": 1.66, ""y1"": 2079.41, ""x2"": 291.49, ""y2"": 3528.5, ""confidence"": 0.2953, ""class_id"": 0, ""class_name"": ""person""}]"
crowd_city_20260611_013614,camera_01,data\video\crowd_city.mp4,60,2026-06-11T01:36:46,2026-06-11T01:36:47,2160,3840,7,82.98,output\experiments\crowd_city_20260611_013614\annotated_frames\camera_01_frame_000060.jpg,"[{""x1"": 97.67, ""y1"": 2101.82, ""x2"": 719.19, ""y2"": 3819.31, ""confidence"": 0.8588, ""class_id"": 0, ""class_name"": ""person""}, {""x1"": 482.55, ""y1"": 1993.98, ""x2"": 970.06, ""y2"": 3624.48, ""confidence"": 0.7901, ""class_id"": 0, ""class_name"": ""person""}, {""x1"": 1232.06, ""y1"": 2069.47, ""x2"": 1640.64, ""y2"": 3296.18, ""confidence"": 0.7744, ""class_id"": 0, ""class_name"": ""person""}, {""x1"": 1594.44, ""y1"": 2077.65, ""x2"": 1970.82, ""y2"": 3325.54, ""confidence"": 0.744, ""class_id"": 0, ""class_name"": ""person""}, {""x1"": 841.83, ""y1"": 2127.6, ""x2"": 1197.36, ""y2"": 3521.59, ""confidence"": 0.6786, ""class_id"": 0, ""class_name"": ""person""}, {""x1"": 1821.74, ""y1"": 2082.2, ""x2"": 2069.75, ""y2"": 2950.79, ""confidence"": 0.4176, ""class_id"": 0, ""class_name"": ""person""}, {""x1"": 1.95, ""y1"": 2084.47, ""x2"": 290.98, ""y2"": 3510.38, ""confidence"": 0.3417, ""class_id"": 0, ""class_name"": ""person""}]"
crowd_city_20260611_013614,camera_01,data\video\crowd_city.mp4,61,2026-06-11T01:36:47,2026-06-11T01:36:47,2160,3840,7,85.67,output\experiments\crowd_city_20260611_013614\annotated_frames\camera_01_frame_000061.jpg,"[{""x1"": 92.8, ""y1"": 2107.46, ""x2"": 711.98, ""y2"": 3831.62, ""confidence"": 0.8555, ""class_id"": 0, ""class_name"": ""person""}, {""x1"": 479.17, ""y1"": 1997.72, ""x2"": 975.75, ""y2"": 3629.88, ""confidence"": 0.7927, ""class_id"": 0, ""class_name"": ""person""}, {""x1"": 1245.48, ""y1"": 2081.34, ""x2"": 1638.71, ""y2"": 3309.25, ""confidence"": 0.7916, ""class_id"": 0, ""class_name"": ""person""}, {""x1"": 1593.33, ""y1"": 2081.0, ""x2"": 1969.71, ""y2"": 3323.92, ""confidence"": 0.7499, ""class_id"": 0, ""class_name"": ""person""}, {""x1"": 838.25, ""y1"": 2125.29, ""x2"": 1197.0, ""y2"": 3553.43, ""confidence"": 0.6637, ""class_id"": 0, ""class_name"": ""person""}, {""x1"": 1817.68, ""y1"": 2082.12, ""x2"": 2064.65, ""y2"": 2947.13, ""confidence"": 0.4473, ""class_id"": 0, ""class_name"": ""person""}, {""x1"": 2.46, ""y1"": 2073.52, ""x2"": 286.34, ""y2"": 3531.94, ""confidence"": 0.3498, ""class_id"": 0, ""class_name"": ""person""}]"
crowd_city_20260611_013614,camera_01,data\video\crowd_city.mp4,62,2026-06-11T01:36:47,2026-06-11T01:36:47,2160,3840,7,76.94,output\experiments\crowd_city_20260611_013614\annotated_frames\camera_01_frame_000062.jpg,"[{""x1"": 88.79, ""y1"": 2109.08, ""x2"": 719.88, ""y2"": 3821.5, ""confidence"": 0.8384, ""class_id"": 0, ""class_name"": ""person""}, {""x1"": 1247.75, ""y1"": 2081.01, ""x2"": 1648.04, ""y2"": 3309.84, ""confidence"": 0.8015, ""class_id"": 0, ""class_name"": ""person""}, {""x1"": 474.31, ""y1"": 1993.52, ""x2"": 981.35, ""y2"": 3634.44, ""confidence"": 0.7866, ""class_id"": 0, ""class_name"": ""person""}, {""x1"": 1594.1, ""y1"": 2081.02, ""x2"": 1969.35, ""y2"": 3326.39, ""confidence"": 0.7594, ""class_id"": 0, ""class_name"": ""person""}, {""x1"": 848.17, ""y1"": 2141.3, ""x2"": 1200.07, ""y2"": 3428.93, ""confidence"": 0.595, ""class_id"": 0, ""class_name"": ""person""}, {""x1"": 1821.76, ""y1"": 2084.42, ""x2"": 2063.67, ""y2"": 2950.87, ""confidence"": 0.4488, ""class_id"": 0, ""class_name"": ""person""}, {""x1"": 2.66, ""y1"": 2075.14, ""x2"": 277.83, ""y2"": 3526.94, ""confidence"": 0.3471, ""class_id"": 0, ""class_name"": ""person""}]"
crowd_city_20260611_013614,camera_01,data\video\crowd_city.mp4,63,2026-06-11T01:36:47,2026-06-11T01:36:47,2160,3840,7,76.98,output\experiments\crowd_city_20260611_013614\annotated_frames\camera_01_frame_000063.jpg,"[{""x1"": 87.74, ""y1"": 2119.91, ""x2"": 720.51, ""y2"": 3824.83, ""confidence"": 0.8366, ""class_id"": 0, ""class_name"": ""person""}, {""x1"": 1247.35, ""y1"": 2080.34, ""x2"": 1651.16, ""y2"": 3304.71, ""confidence"": 0.8046, ""class_id"": 0, ""class_name"": ""person""}, {""x1"": 469.94, ""y1"": 1990.17, ""x2"": 994.92, ""y2"": 3664.49, ""confidence"": 0.7797, ""class_id"": 0, ""class_name"": ""person""}, {""x1"": 1596.7, ""y1"": 2085.02, ""x2"": 1967.11, ""y2"": 3325.77, ""confidence"": 0.7608, ""class_id"": 0, ""class_name"": ""person""}, {""x1"": 847.16, ""y1"": 2138.34, ""x2"": 1204.38, ""y2"": 3423.4, ""confidence"": 0.6328, ""class_id"": 0, ""class_name"": ""person""}, {""x1"": 1821.58, ""y1"": 2085.33, ""x2"": 2059.44, ""y2"": 2949.93, ""confidence"": 0.4525, ""class_id"": 0, ""class_name"": ""person""}, {""x1"": 2.48, ""y1"": 2068.06, ""x2"": 275.76, ""y2"": 3522.49, ""confidence"": 0.3165, ""class_id"": 0, ""class_name"": ""person""}]"
crowd_city_20260611_013614,camera_01,data\video\crowd_city.mp4,64,2026-06-11T01:36:47,2026-06-11T01:36:48,2160,3840,7,79.72,output\experiments\crowd_city_20260611_013614\annotated_frames\camera_01_frame_000064.jpg,"[{""x1"": 82.92, ""y1"": 2116.46, ""x2"": 718.6, ""y2"": 3818.07, ""confidence"": 0.8443, ""class_id"": 0, ""class_name"": ""person""}, {""x1"": 1253.12, ""y1"": 2078.36, ""x2"": 1654.71, ""y2"": 3297.96, ""confidence"": 0.8176, ""class_id"": 0, ""class_name"": ""person""}, {""x1"": 460.15, ""y1"": 1986.4, ""x2"": 998.8, ""y2"": 3653.47, ""confidence"": 0.7938, ""class_id"": 0, ""class_name"": ""person""}, {""x1"": 1601.82, ""y1"": 2085.32, ""x2"": 1966.88, ""y2"": 3331.68, ""confidence"": 0.7577, ""class_id"": 0, ""class_name"": ""person""}, {""x1"": 848.42, ""y1"": 2138.63, ""x2"": 1200.4, ""y2"": 3429.51, ""confidence"": 0.5975, ""class_id"": 0, ""class_name"": ""person""}, {""x1"": 1817.71, ""y1"": 2084.09, ""x2"": 2058.49, ""y2"": 2950.55, ""confidence"": 0.4488, ""class_id"": 0, ""class_name"": ""person""}, {""x1"": 1.24, ""y1"": 2069.79, ""x2"": 274.23, ""y2"": 3516.84, ""confidence"": 0.3465, ""class_id"": 0, ""class_name"": ""person""}]"
crowd_city_20260611_013614,camera_01,data\video\crowd_city.mp4,65,2026-06-11T01:36:48,2026-06-11T01:36:48,2160,3840,7,80.26,output\experiments\crowd_city_20260611_013614\annotated_frames\camera_01_frame_000065.jpg,"[{""x1"": 85.01, ""y1"": 2128.53, ""x2"": 714.79, ""y2"": 3836.96, ""confidence"": 0.8598, ""class_id"": 0, ""class_name"": ""person""}, {""x1"": 451.8, ""y1"": 1978.67, ""x2"": 1003.56, ""y2"": 3656.95, ""confidence"": 0.8117, ""class_id"": 0, ""class_name"": ""person""}, {""x1"": 1252.0, ""y1"": 2066.86, ""x2"": 1648.54, ""y2"": 3284.92, ""confidence"": 0.7917, ""class_id"": 0, ""class_name"": ""person""}, {""x1"": 1602.14, ""y1"": 2090.94, ""x2"": 1965.63, ""y2"": 3326.73, ""confidence"": 0.7854, ""class_id"": 0, ""class_name"": ""person""}, {""x1"": 848.8, ""y1"": 2142.77, ""x2"": 1201.42, ""y2"": 3437.34, ""confidence"": 0.544, ""class_id"": 0, ""class_name"": ""person""}, {""x1"": 1822.49, ""y1"": 2084.46, ""x2"": 2057.8, ""y2"": 2951.29, ""confidence"": 0.4449, ""class_id"": 0, ""class_name"": ""person""}, {""x1"": 1.76, ""y1"": 2070.53, ""x2"": 266.98, ""y2"": 3564.98, ""confidence"": 0.3469, ""class_id"": 0, ""class_name"": ""person""}]"
crowd_city_20260611_013614,camera_01,data\video\crowd_city.mp4,66,2026-06-11T01:36:48,2026-06-11T01:36:48,2160,3840,8,80.77,output\experiments\crowd_city_20260611_013614\annotated_frames\camera_01_frame_000066.jpg,"[{""x1"": 75.72, ""y1"": 2133.45, ""x2"": 711.42, ""y2"": 3838.11, ""confidence"": 0.8512, ""class_id"": 0, ""class_name"": ""person""}, {""x1"": 452.99, ""y1"": 1970.09, ""x2"": 1011.18, ""y2"": 3664.16, ""confidence"": 0.8439, ""class_id"": 0, ""class_name"": ""person""}, {""x1"": 1606.53, ""y1"": 2096.28, ""x2"": 1963.58, ""y2"": 3323.66, ""confidence"": 0.7889, ""class_id"": 0, ""class_name"": ""person""}, {""x1"": 1255.74, ""y1"": 2069.04, ""x2"": 1653.7, ""y2"": 3264.1, ""confidence"": 0.7848, ""class_id"": 0, ""class_name"": ""person""}, {""x1"": 842.98, ""y1"": 2142.69, ""x2"": 1198.89, ""y2"": 3438.07, ""confidence"": 0.5057, ""class_id"": 0, ""class_name"": ""person""}, {""x1"": 1827.94, ""y1"": 2083.54, ""x2"": 2057.7, ""y2"": 2955.47, ""confidence"": 0.4731, ""class_id"": 0, ""class_name"": ""person""}, {""x1"": 839.11, ""y1"": 2028.05, ""x2"": 1132.54, ""y2"": 3648.8, ""confidence"": 0.3661, ""class_id"": 0, ""class_name"": ""person""}, {""x1"": 1.38, ""y1"": 2065.25, ""x2"": 266.26, ""y2"": 3613.82, ""confidence"": 0.3146, ""class_id"": 0, ""class_name"": ""person""}]"
crowd_city_20260611_013614,camera_01,data\video\crowd_city.mp4,67,2026-06-11T01:36:48,2026-06-11T01:36:48,2160,3840,8,88.48,output\experiments\crowd_city_20260611_013614\annotated_frames\camera_01_frame_000067.jpg,"[{""x1"": 452.26, ""y1"": 1961.06, ""x2"": 1018.0, ""y2"": 3669.09, ""confidence"": 0.8547, ""class_id"": 0, ""class_name"": ""person""}, {""x1"": 53.73, ""y1"": 2143.44, ""x2"": 710.05, ""y2"": 3837.99, ""confidence"": 0.8474, ""class_id"": 0, ""class_name"": ""person""}, {""x1"": 1240.54, ""y1"": 2067.63, ""x2"": 1662.58, ""y2"": 3290.66, ""confidence"": 0.7853, ""class_id"": 0, ""class_name"": ""person""}, {""x1"": 1603.16, ""y1"": 2099.81, ""x2"": 1961.05, ""y2"": 3325.2, ""confidence"": 0.7797, ""class_id"": 0, ""class_name"": ""person""}, {""x1"": 1835.42, ""y1"": 2081.97, ""x2"": 2055.85, ""y2"": 2955.78, ""confidence"": 0.517, ""class_id"": 0, ""class_name"": ""person""}, {""x1"": 851.36, ""y1"": 2053.19, ""x2"": 1148.98, ""y2"": 3637.15, ""confidence"": 0.5046, ""class_id"": 0, ""class_name"": ""person""}, {""x1"": 840.77, ""y1"": 2142.88, ""x2"": 1195.42, ""y2"": 3422.86, ""confidence"": 0.4996, ""class_id"": 0, ""class_name"": ""person""}, {""x1"": 3.65, ""y1"": 2102.38, ""x2"": 252.94, ""y2"": 3535.78, ""confidence"": 0.3132, ""class_id"": 0, ""class_name"": ""person""}]"
crowd_city_20260611_013614,camera_01,data\video\crowd_city.mp4,68,2026-06-11T01:36:49,2026-06-11T01:36:49,2160,3840,7,82.54,output\experiments\crowd_city_20260611_013614\annotated_frames\camera_01_frame_000068.jpg,"[{""x1"": 453.86, ""y1"": 1956.8, ""x2"": 1024.6, ""y2"": 3672.76, ""confidence"": 0.8711, ""class_id"": 0, ""class_name"": ""person""}, {""x1"": 48.1, ""y1"": 2144.23, ""x2"": 705.66, ""y2"": 3839.98, ""confidence"": 0.8569, ""class_id"": 0, ""class_name"": ""person""}, {""x1"": 1237.47, ""y1"": 2062.29, ""x2"": 1660.71, ""y2"": 3283.4, ""confidence"": 0.7914, ""class_id"": 0, ""class_name"": ""person""}, {""x1"": 1607.23, ""y1"": 2100.55, ""x2"": 1959.01, ""y2"": 3322.4, ""confidence"": 0.7626, ""class_id"": 0, ""class_name"": ""person""}, {""x1"": 1826.95, ""y1"": 2082.03, ""x2"": 2053.57, ""y2"": 2955.08, ""confidence"": 0.5142, ""class_id"": 0, ""class_name"": ""person""}, {""x1"": 845.19, ""y1"": 2141.93, ""x2"": 1192.71, ""y2"": 3366.93, ""confidence"": 0.444, ""class_id"": 0, ""class_name"": ""person""}, {""x1"": 608.7, ""y1"": 1976.83, ""x2"": 1064.65, ""y2"": 3660.53, ""confidence"": 0.3998, ""class_id"": 0, ""class_name"": ""person""}]"
crowd_city_20260611_013614,camera_01,data\video\crowd_city.mp4,69,2026-06-11T01:36:49,2026-06-11T01:36:49,2160,3840,7,81.08,output\experiments\crowd_city_20260611_013614\annotated_frames\camera_01_frame_000069.jpg,"[{""x1"": 444.73, ""y1"": 1958.73, ""x2"": 1025.26, ""y2"": 3680.13, ""confidence"": 0.8764, ""class_id"": 0, ""class_name"": ""person""}, {""x1"": 46.41, ""y1"": 2159.51, ""x2"": 695.5, ""y2"": 3834.84, ""confidence"": 0.8515, ""class_id"": 0, ""class_name"": ""person""}, {""x1"": 1247.33, ""y1"": 2056.8, ""x2"": 1660.6, ""y2"": 3291.02, ""confidence"": 0.8144, ""class_id"": 0, ""class_name"": ""person""}, {""x1"": 1608.48, ""y1"": 2104.43, ""x2"": 1960.29, ""y2"": 3316.28, ""confidence"": 0.7586, ""class_id"": 0, ""class_name"": ""person""}, {""x1"": 1821.13, ""y1"": 2081.21, ""x2"": 2053.2, ""y2"": 2958.85, ""confidence"": 0.5311, ""class_id"": 0, ""class_name"": ""person""}, {""x1"": 602.72, ""y1"": 1975.13, ""x2"": 1062.31, ""y2"": 3663.25, ""confidence"": 0.4615, ""class_id"": 0, ""class_name"": ""person""}, {""x1"": 843.69, ""y1"": 2142.04, ""x2"": 1194.7, ""y2"": 3248.06, ""confidence"": 0.4599, ""class_id"": 0, ""class_name"": ""person""}]"
crowd_city_20260611_013614,camera_01,data\video\crowd_city.mp4,70,2026-06-11T01:36:49,2026-06-11T01:36:49,2160,3840,8,81.37,output\experiments\crowd_city_20260611_013614\annotated_frames\camera_01_frame_000070.jpg,"[{""x1"": 441.94, ""y1"": 1964.34, ""x2"": 1029.43, ""y2"": 3671.59, ""confidence"": 0.8822, ""class_id"": 0, ""class_name"": ""person""}, {""x1"": 35.89, ""y1"": 2144.31, ""x2"": 699.77, ""y2"": 3835.4, ""confidence"": 0.8643, ""class_id"": 0, ""class_name"": ""person""}, {""x1"": 1256.87, ""y1"": 2062.41, ""x2"": 1661.48, ""y2"": 3300.32, ""confidence"": 0.813, ""class_id"": 0, ""class_name"": ""person""}, {""x1"": 1609.82, ""y1"": 2099.01, ""x2"": 1961.59, ""y2"": 3335.36, ""confidence"": 0.7667, ""class_id"": 0, ""class_name"": ""person""}, {""x1"": 1815.61, ""y1"": 2085.44, ""x2"": 2051.52, ""y2"": 2959.92, ""confidence"": 0.5737, ""class_id"": 0, ""class_name"": ""person""}, {""x1"": 847.71, ""y1"": 2139.46, ""x2"": 1193.42, ""y2"": 3100.27, ""confidence"": 0.4532, ""class_id"": 0, ""class_name"": ""person""}, {""x1"": 832.34, ""y1"": 2118.74, ""x2"": 1190.62, ""y2"": 3575.73, ""confidence"": 0.3076, ""class_id"": 0, ""class_name"": ""person""}, {""x1"": 1.72, ""y1"": 2066.61, ""x2"": 228.87, ""y2"": 3643.28, ""confidence"": 0.2892, ""class_id"": 0, ""class_name"": ""person""}]"
crowd_city_20260611_013614,camera_01,data\video\crowd_city.mp4,71,2026-06-11T01:36:49,2026-06-11T01:36:49,2160,3840,7,87.0,output\experiments\crowd_city_20260611_013614\annotated_frames\camera_01_frame_000071.jpg,"[{""x1"": 446.42, ""y1"": 1965.2, ""x2"": 1032.76, ""y2"": 3667.16, ""confidence"": 0.8709, ""class_id"": 0, ""class_name"": ""person""}, {""x1"": 30.27, ""y1"": 2145.46, ""x2"": 695.52, ""y2"": 3834.48, ""confidence"": 0.8477, ""class_id"": 0, ""class_name"": ""person""}, {""x1"": 1261.23, ""y1"": 2060.86, ""x2"": 1665.07, ""y2"": 3296.67, ""confidence"": 0.8276, ""class_id"": 0, ""class_name"": ""person""}, {""x1"": 1610.33, ""y1"": 2101.93, ""x2"": 1962.26, ""y2"": 3328.5, ""confidence"": 0.7739, ""class_id"": 0, ""class_name"": ""person""}, {""x1"": 1811.42, ""y1"": 2085.36, ""x2"": 2051.78, ""y2"": 2958.79, ""confidence"": 0.5534, ""class_id"": 0, ""class_name"": ""person""}, {""x1"": 852.2, ""y1"": 2139.46, ""x2"": 1203.18, ""y2"": 3090.85, ""confidence"": 0.4282, ""class_id"": 0, ""class_name"": ""person""}, {""x1"": 1104.43, ""y1"": 2133.42, ""x2"": 1302.76, ""y2"": 3002.76, ""confidence"": 0.2717, ""class_id"": 0, ""class_name"": ""person""}]"
crowd_city_20260611_013614,camera_01,data\video\crowd_city.mp4,72,2026-06-11T01:36:50,2026-06-11T01:36:50,2160,3840,6,82.14,output\experiments\crowd_city_20260611_013614\annotated_frames\camera_01_frame_000072.jpg,"[{""x1"": 442.98, ""y1"": 1975.05, ""x2"": 1045.19, ""y2"": 3669.63, ""confidence"": 0.8706, ""class_id"": 0, ""class_name"": ""person""}, {""x1"": 25.57, ""y1"": 2146.81, ""x2"": 689.84, ""y2"": 3835.28, ""confidence"": 0.8631, ""class_id"": 0, ""class_name"": ""person""}, {""x1"": 1258.48, ""y1"": 2069.83, ""x2"": 1664.87, ""y2"": 3303.25, ""confidence"": 0.834, ""class_id"": 0, ""class_name"": ""person""}, {""x1"": 1609.25, ""y1"": 2117.85, ""x2"": 1964.94, ""y2"": 3328.16, ""confidence"": 0.7837, ""class_id"": 0, ""class_name"": ""person""}, {""x1"": 1810.45, ""y1"": 2084.89, ""x2"": 2051.5, ""y2"": 2958.37, ""confidence"": 0.5824, ""class_id"": 0, ""class_name"": ""person""}, {""x1"": 850.46, ""y1"": 2139.67, ""x2"": 1205.08, ""y2"": 3096.21, ""confidence"": 0.4153, ""class_id"": 0, ""class_name"": ""person""}]"
crowd_city_20260611_013614,camera_01,data\video\crowd_city.mp4,73,2026-06-11T01:36:50,2026-06-11T01:36:50,2160,3840,7,85.65,output\experiments\crowd_city_20260611_013614\annotated_frames\camera_01_frame_000073.jpg,"[{""x1"": 21.98, ""y1"": 2137.43, ""x2"": 684.83, ""y2"": 3833.85, ""confidence"": 0.8661, ""class_id"": 0, ""class_name"": ""person""}, {""x1"": 440.09, ""y1"": 1970.76, ""x2"": 1049.98, ""y2"": 3667.81, ""confidence"": 0.8615, ""class_id"": 0, ""class_name"": ""person""}, {""x1"": 1262.86, ""y1"": 2072.64, ""x2"": 1666.74, ""y2"": 3301.77, ""confidence"": 0.8339, ""class_id"": 0, ""class_name"": ""person""}, {""x1"": 1612.3, ""y1"": 2103.18, ""x2"": 1968.66, ""y2"": 3330.09, ""confidence"": 0.756, ""class_id"": 0, ""class_name"": ""person""}, {""x1"": 1806.64, ""y1"": 2083.46, ""x2"": 2056.97, ""y2"": 2956.78, ""confidence"": 0.5207, ""class_id"": 0, ""class_name"": ""person""}, {""x1"": 849.88, ""y1"": 2141.02, ""x2"": 1202.36, ""y2"": 3099.38, ""confidence"": 0.4232, ""class_id"": 0, ""class_name"": ""person""}, {""x1"": 1112.15, ""y1"": 2143.78, ""x2"": 1300.08, ""y2"": 3002.87, ""confidence"": 0.2592, ""class_id"": 0, ""class_name"": ""person""}]"
crowd_city_20260611_013614,camera_01,data\video\crowd_city.mp4,74,2026-06-11T01:36:50,2026-06-11T01:36:50,2160,3840,7,80.31,output\experiments\crowd_city_20260611_013614\annotated_frames\camera_01_frame_000074.jpg,"[{""x1"": 440.44, ""y1"": 1975.29, ""x2"": 1052.92, ""y2"": 3686.1, ""confidence"": 0.8681, ""class_id"": 0, ""class_name"": ""person""}, {""x1"": 14.81, ""y1"": 2150.49, ""x2"": 669.97, ""y2"": 3837.27, ""confidence"": 0.865, ""class_id"": 0, ""class_name"": ""person""}, {""x1"": 1265.05, ""y1"": 2074.09, ""x2"": 1667.32, ""y2"": 3295.06, ""confidence"": 0.8295, ""class_id"": 0, ""class_name"": ""person""}, {""x1"": 1611.16, ""y1"": 2105.67, ""x2"": 1970.48, ""y2"": 3326.31, ""confidence"": 0.7589, ""class_id"": 0, ""class_name"": ""person""}, {""x1"": 1798.76, ""y1"": 2084.99, ""x2"": 2064.22, ""y2"": 2959.37, ""confidence"": 0.5062, ""class_id"": 0, ""class_name"": ""person""}, {""x1"": 847.08, ""y1"": 2136.93, ""x2"": 1199.88, ""y2"": 3101.47, ""confidence"": 0.3905, ""class_id"": 0, ""class_name"": ""person""}, {""x1"": 1100.42, ""y1"": 2141.8, ""x2"": 1299.05, ""y2"": 3021.63, ""confidence"": 0.2908, ""class_id"": 0, ""class_name"": ""person""}]"
crowd_city_20260611_013614,camera_01,data\video\crowd_city.mp4,75,2026-06-11T01:36:50,2026-06-11T01:36:50,2160,3840,7,84.22,output\experiments\crowd_city_20260611_013614\annotated_frames\camera_01_frame_000075.jpg,"[{""x1"": 9.52, ""y1"": 2150.49, ""x2"": 657.15, ""y2"": 3837.15, ""confidence"": 0.8709, ""class_id"": 0, ""class_name"": ""person""}, {""x1"": 439.03, ""y1"": 1981.77, ""x2"": 1057.2, ""y2"": 3696.46, ""confidence"": 0.8682, ""class_id"": 0, ""class_name"": ""person""}, {""x1"": 1266.44, ""y1"": 2079.12, ""x2"": 1668.77, ""y2"": 3293.74, ""confidence"": 0.8279, ""class_id"": 0, ""class_name"": ""person""}, {""x1"": 1609.27, ""y1"": 2106.7, ""x2"": 1971.67, ""y2"": 3327.5, ""confidence"": 0.7559, ""class_id"": 0, ""class_name"": ""person""}, {""x1"": 1797.28, ""y1"": 2084.21, ""x2"": 2068.29, ""y2"": 2961.66, ""confidence"": 0.4646, ""class_id"": 0, ""class_name"": ""person""}, {""x1"": 839.9, ""y1"": 2128.69, ""x2"": 1193.24, ""y2"": 3084.26, ""confidence"": 0.4248, ""class_id"": 0, ""class_name"": ""person""}, {""x1"": 1104.67, ""y1"": 2147.87, ""x2"": 1301.45, ""y2"": 3005.51, ""confidence"": 0.3684, ""class_id"": 0, ""class_name"": ""person""}]"
crowd_city_20260611_013614,camera_01,data\video\crowd_city.mp4,76,2026-06-11T01:36:51,2026-06-11T01:36:51,2160,3840,8,83.86,output\experiments\crowd_city_20260611_013614\annotated_frames\camera_01_frame_000076.jpg,"[{""x1"": 437.82, ""y1"": 1976.11, ""x2"": 1060.37, ""y2"": 3724.42, ""confidence"": 0.8716, ""class_id"": 0, ""class_name"": ""person""}, {""x1"": 6.45, ""y1"": 2148.41, ""x2"": 649.59, ""y2"": 3836.02, ""confidence"": 0.8612, ""class_id"": 0, ""class_name"": ""person""}, {""x1"": 1267.92, ""y1"": 2079.8, ""x2"": 1671.5, ""y2"": 3307.04, ""confidence"": 0.8256, ""class_id"": 0, ""class_name"": ""person""}, {""x1"": 1607.44, ""y1"": 2126.16, ""x2"": 1972.91, ""y2"": 3327.33, ""confidence"": 0.7573, ""class_id"": 0, ""class_name"": ""person""}, {""x1"": 1808.39, ""y1"": 2083.6, ""x2"": 2069.59, ""y2"": 2962.0, ""confidence"": 0.4706, ""class_id"": 0, ""class_name"": ""person""}, {""x1"": 839.45, ""y1"": 2123.45, ""x2"": 1191.42, ""y2"": 3142.63, ""confidence"": 0.4532, ""class_id"": 0, ""class_name"": ""person""}, {""x1"": 1105.7, ""y1"": 2147.11, ""x2"": 1299.6, ""y2"": 3006.57, ""confidence"": 0.3929, ""class_id"": 0, ""class_name"": ""person""}, {""x1"": 830.02, ""y1"": 2114.02, ""x2"": 1173.91, ""y2"": 3547.04, ""confidence"": 0.2676, ""class_id"": 0, ""class_name"": ""person""}]"
crowd_city_20260611_013614,camera_01,data\video\crowd_city.mp4,77,2026-06-11T01:36:51,2026-06-11T01:36:51,2160,3840,7,82.13,output\experiments\crowd_city_20260611_013614\annotated_frames\camera_01_frame_000077.jpg,"[{""x1"": 434.44, ""y1"": 1984.82, ""x2"": 1060.66, ""y2"": 3762.41, ""confidence"": 0.8774, ""class_id"": 0, ""class_name"": ""person""}, {""x1"": 4.25, ""y1"": 2142.23, ""x2"": 642.38, ""y2"": 3836.05, ""confidence"": 0.8662, ""class_id"": 0, ""class_name"": ""person""}, {""x1"": 1268.05, ""y1"": 2084.51, ""x2"": 1674.77, ""y2"": 3298.3, ""confidence"": 0.8343, ""class_id"": 0, ""class_name"": ""person""}, {""x1"": 1602.1, ""y1"": 2125.01, ""x2"": 1970.83, ""y2"": 3312.28, ""confidence"": 0.7587, ""class_id"": 0, ""class_name"": ""person""}, {""x1"": 1805.41, ""y1"": 2083.38, ""x2"": 2069.6, ""y2"": 2962.66, ""confidence"": 0.4817, ""class_id"": 0, ""class_name"": ""person""}, {""x1"": 839.77, ""y1"": 2129.36, ""x2"": 1194.26, ""y2"": 3203.59, ""confidence"": 0.4378, ""class_id"": 0, ""class_name"": ""person""}, {""x1"": 1105.44, ""y1"": 2153.63, ""x2"": 1298.55, ""y2"": 3008.13, ""confidence"": 0.3572, ""class_id"": 0, ""class_name"": ""person""}]"
crowd_city_20260611_013614,camera_01,data\video\crowd_city.mp4,78,2026-06-11T01:36:51,2026-06-11T01:36:51,2160,3840,7,79.76,output\experiments\crowd_city_20260611_013614\annotated_frames\camera_01_frame_000078.jpg,"[{""x1"": 425.32, ""y1"": 1986.93, ""x2"": 1063.17, ""y2"": 3774.39, ""confidence"": 0.8713, ""class_id"": 0, ""class_name"": ""person""}, {""x1"": 2.9, ""y1"": 2131.35, ""x2"": 644.57, ""y2"": 3835.2, ""confidence"": 0.8477, ""class_id"": 0, ""class_name"": ""person""}, {""x1"": 1266.12, ""y1"": 2092.13, ""x2"": 1677.94, ""y2"": 3297.7, ""confidence"": 0.828, ""class_id"": 0, ""class_name"": ""person""}, {""x1"": 1601.3, ""y1"": 2126.81, ""x2"": 1973.56, ""y2"": 3311.56, ""confidence"": 0.7474, ""class_id"": 0, ""class_name"": ""person""}, {""x1"": 834.27, ""y1"": 2127.17, ""x2"": 1199.57, ""y2"": 3304.75, ""confidence"": 0.4806, ""class_id"": 0, ""class_name"": ""person""}, {""x1"": 1805.04, ""y1"": 2084.7, ""x2"": 2071.52, ""y2"": 2961.41, ""confidence"": 0.4688, ""class_id"": 0, ""class_name"": ""person""}, {""x1"": 1104.54, ""y1"": 2159.69, ""x2"": 1300.88, ""y2"": 3022.38, ""confidence"": 0.3686, ""class_id"": 0, ""class_name"": ""person""}]"
crowd_city_20260611_013614,camera_01,data\video\crowd_city.mp4,79,2026-06-11T01:36:51,2026-06-11T01:36:51,2160,3840,7,84.35,output\experiments\crowd_city_20260611_013614\annotated_frames\camera_01_frame_000079.jpg,"[{""x1"": 430.31, ""y1"": 1981.42, ""x2"": 1063.63, ""y2"": 3782.49, ""confidence"": 0.8882, ""class_id"": 0, ""class_name"": ""person""}, {""x1"": 1267.13, ""y1"": 2097.21, ""x2"": 1679.19, ""y2"": 3304.16, ""confidence"": 0.8413, ""class_id"": 0, ""class_name"": ""person""}, {""x1"": 6.11, ""y1"": 2116.24, ""x2"": 627.88, ""y2"": 3832.94, ""confidence"": 0.8314, ""class_id"": 0, ""class_name"": ""person""}, {""x1"": 1604.93, ""y1"": 2127.84, ""x2"": 1972.37, ""y2"": 3305.16, ""confidence"": 0.7699, ""class_id"": 0, ""class_name"": ""person""}, {""x1"": 1811.16, ""y1"": 2084.7, ""x2"": 2071.68, ""y2"": 2961.95, ""confidence"": 0.4895, ""class_id"": 0, ""class_name"": ""person""}, {""x1"": 834.99, ""y1"": 2127.0, ""x2"": 1200.71, ""y2"": 3302.8, ""confidence"": 0.4219, ""class_id"": 0, ""class_name"": ""person""}, {""x1"": 1104.63, ""y1"": 2158.84, ""x2"": 1303.15, ""y2"": 3026.74, ""confidence"": 0.3786, ""class_id"": 0, ""class_name"": ""person""}]"
crowd_city_20260611_013614,camera_01,data\video\crowd_city.mp4,80,2026-06-11T01:36:52,2026-06-11T01:36:52,2160,3840,7,82.28,output\experiments\crowd_city_20260611_013614\annotated_frames\camera_01_frame_000080.jpg,"[{""x1"": 419.51, ""y1"": 1990.33, ""x2"": 1065.16, ""y2"": 3805.44, ""confidence"": 0.8777, ""class_id"": 0, ""class_name"": ""person""}, {""x1"": 6.58, ""y1"": 2119.21, ""x2"": 619.38, ""y2"": 3833.64, ""confidence"": 0.8355, ""class_id"": 0, ""class_name"": ""person""}, {""x1"": 1267.19, ""y1"": 2098.9, ""x2"": 1681.19, ""y2"": 3270.93, ""confidence"": 0.8291, ""class_id"": 0, ""class_name"": ""person""}, {""x1"": 1608.95, ""y1"": 2126.33, ""x2"": 1978.62, ""y2"": 3310.97, ""confidence"": 0.7596, ""class_id"": 0, ""class_name"": ""person""}, {""x1"": 1816.55, ""y1"": 2084.22, ""x2"": 2072.77, ""y2"": 2962.06, ""confidence"": 0.47, ""class_id"": 0, ""class_name"": ""person""}, {""x1"": 1100.59, ""y1"": 2157.1, ""x2"": 1306.18, ""y2"": 3028.63, ""confidence"": 0.4199, ""class_id"": 0, ""class_name"": ""person""}, {""x1"": 831.59, ""y1"": 2124.13, ""x2"": 1200.61, ""y2"": 3456.41, ""confidence"": 0.4134, ""class_id"": 0, ""class_name"": ""person""}]"
crowd_city_20260611_013614,camera_01,data\video\crowd_city.mp4,81,2026-06-11T01:36:52,2026-06-11T01:36:52,2160,3840,8,77.78,output\experiments\crowd_city_20260611_013614\annotated_frames\camera_01_frame_000081.jpg,"[{""x1"": 426.94, ""y1"": 1994.57, ""x2"": 1067.3, ""y2"": 3800.18, ""confidence"": 0.8719, ""class_id"": 0, ""class_name"": ""person""}, {""x1"": 6.6, ""y1"": 2113.81, ""x2"": 613.87, ""y2"": 3834.15, ""confidence"": 0.8306, ""class_id"": 0, ""class_name"": ""person""}, {""x1"": 1268.32, ""y1"": 2098.17, ""x2"": 1686.11, ""y2"": 3250.39, ""confidence"": 0.817, ""class_id"": 0, ""class_name"": ""person""}, {""x1"": 1608.68, ""y1"": 2120.28, ""x2"": 1976.62, ""y2"": 3305.63, ""confidence"": 0.7625, ""class_id"": 0, ""class_name"": ""person""}, {""x1"": 1824.77, ""y1"": 2086.14, ""x2"": 2072.15, ""y2"": 2963.74, ""confidence"": 0.4954, ""class_id"": 0, ""class_name"": ""person""}, {""x1"": 1103.6, ""y1"": 2159.37, ""x2"": 1307.87, ""y2"": 3033.16, ""confidence"": 0.4211, ""class_id"": 0, ""class_name"": ""person""}, {""x1"": 842.32, ""y1"": 2079.58, ""x2"": 1178.53, ""y2"": 3618.4, ""confidence"": 0.4048, ""class_id"": 0, ""class_name"": ""person""}, {""x1"": 842.84, ""y1"": 2129.39, ""x2"": 1204.81, ""y2"": 3236.9, ""confidence"": 0.2648, ""class_id"": 0, ""class_name"": ""person""}]"
crowd_city_20260611_013614,camera_01,data\video\crowd_city.mp4,82,2026-06-11T01:36:52,2026-06-11T01:36:52,2160,3840,7,79.85,output\experiments\crowd_city_20260611_013614\annotated_frames\camera_01_frame_000082.jpg,"[{""x1"": 428.49, ""y1"": 1997.25, ""x2"": 1067.95, ""y2"": 3809.56, ""confidence"": 0.8754, ""class_id"": 0, ""class_name"": ""person""}, {""x1"": 6.39, ""y1"": 2112.06, ""x2"": 602.86, ""y2"": 3836.28, ""confidence"": 0.8248, ""class_id"": 0, ""class_name"": ""person""}, {""x1"": 1269.22, ""y1"": 2101.11, ""x2"": 1686.96, ""y2"": 3285.63, ""confidence"": 0.8159, ""class_id"": 0, ""class_name"": ""person""}, {""x1"": 1609.28, ""y1"": 2116.17, ""x2"": 1981.25, ""y2"": 3299.77, ""confidence"": 0.7401, ""class_id"": 0, ""class_name"": ""person""}, {""x1"": 1821.7, ""y1"": 2087.95, ""x2"": 2075.33, ""y2"": 2967.89, ""confidence"": 0.4959, ""class_id"": 0, ""class_name"": ""person""}, {""x1"": 846.92, ""y1"": 2084.34, ""x2"": 1183.92, ""y2"": 3631.53, ""confidence"": 0.4128, ""class_id"": 0, ""class_name"": ""person""}, {""x1"": 1104.81, ""y1"": 2160.25, ""x2"": 1315.43, ""y2"": 3026.62, ""confidence"": 0.389, ""class_id"": 0, ""class_name"": ""person""}]"
crowd_city_20260611_013614,camera_01,data\video\crowd_city.mp4,83,2026-06-11T01:36:52,2026-06-11T01:36:52,2160,3840,7,79.26,output\experiments\crowd_city_20260611_013614\annotated_frames\camera_01_frame_000083.jpg,"[{""x1"": 426.99, ""y1"": 1991.89, ""x2"": 1065.77, ""y2"": 3808.79, ""confidence"": 0.8753, ""class_id"": 0, ""class_name"": ""person""}, {""x1"": 6.06, ""y1"": 2106.55, ""x2"": 591.27, ""y2"": 3836.52, ""confidence"": 0.8465, ""class_id"": 0, ""class_name"": ""person""}, {""x1"": 1272.7, ""y1"": 2103.63, ""x2"": 1682.49, ""y2"": 3262.21, ""confidence"": 0.7904, ""class_id"": 0, ""class_name"": ""person""}, {""x1"": 1611.11, ""y1"": 2119.3, ""x2"": 1980.67, ""y2"": 3289.56, ""confidence"": 0.7667, ""class_id"": 0, ""class_name"": ""person""}, {""x1"": 835.05, ""y1"": 2140.59, ""x2"": 1207.24, ""y2"": 3599.13, ""confidence"": 0.5247, ""class_id"": 0, ""class_name"": ""person""}, {""x1"": 1821.32, ""y1"": 2089.98, ""x2"": 2076.77, ""y2"": 2969.35, ""confidence"": 0.519, ""class_id"": 0, ""class_name"": ""person""}, {""x1"": 1101.36, ""y1"": 2162.02, ""x2"": 1317.22, ""y2"": 3022.04, ""confidence"": 0.3708, ""class_id"": 0, ""class_name"": ""person""}]"
crowd_city_20260611_013614,camera_01,data\video\crowd_city.mp4,84,2026-06-11T01:36:53,2026-06-11T01:36:53,2160,3840,7,85.29,output\experiments\crowd_city_20260611_013614\annotated_frames\camera_01_frame_000084.jpg,"[{""x1"": 423.96, ""y1"": 1996.24, ""x2"": 1062.97, ""y2"": 3808.65, ""confidence"": 0.8663, ""class_id"": 0, ""class_name"": ""person""}, {""x1"": 5.92, ""y1"": 2110.44, ""x2"": 584.65, ""y2"": 3832.71, ""confidence"": 0.859, ""class_id"": 0, ""class_name"": ""person""}, {""x1"": 1276.39, ""y1"": 2105.5, ""x2"": 1685.37, ""y2"": 3269.96, ""confidence"": 0.7939, ""class_id"": 0, ""class_name"": ""person""}, {""x1"": 1614.03, ""y1"": 2121.67, ""x2"": 1983.77, ""y2"": 3295.26, ""confidence"": 0.7713, ""class_id"": 0, ""class_name"": ""person""}, {""x1"": 837.02, ""y1"": 2148.05, ""x2"": 1209.03, ""y2"": 3619.16, ""confidence"": 0.6488, ""class_id"": 0, ""class_name"": ""person""}, {""x1"": 1822.19, ""y1"": 2089.18, ""x2"": 2077.09, ""y2"": 2968.79, ""confidence"": 0.4979, ""class_id"": 0, ""class_name"": ""person""}, {""x1"": 1099.63, ""y1"": 2168.79, ""x2"": 1311.8, ""y2"": 3021.1, ""confidence"": 0.2767, ""class_id"": 0, ""class_name"": ""person""}]"
crowd_city_20260611_013614,camera_01,data\video\crowd_city.mp4,85,2026-06-11T01:36:53,2026-06-11T01:36:53,2160,3840,7,87.12,output\experiments\crowd_city_20260611_013614\annotated_frames\camera_01_frame_000085.jpg,"[{""x1"": 423.43, ""y1"": 1996.23, ""x2"": 1058.82, ""y2"": 3785.82, ""confidence"": 0.8645, ""class_id"": 0, ""class_name"": ""person""}, {""x1"": 5.61, ""y1"": 2097.97, ""x2"": 579.85, ""y2"": 3832.63, ""confidence"": 0.8569, ""class_id"": 0, ""class_name"": ""person""}, {""x1"": 1276.92, ""y1"": 2105.47, ""x2"": 1687.13, ""y2"": 3271.81, ""confidence"": 0.7883, ""class_id"": 0, ""class_name"": ""person""}, {""x1"": 1616.24, ""y1"": 2118.45, ""x2"": 1984.82, ""y2"": 3290.16, ""confidence"": 0.7771, ""class_id"": 0, ""class_name"": ""person""}, {""x1"": 836.24, ""y1"": 2155.69, ""x2"": 1209.88, ""y2"": 3639.94, ""confidence"": 0.6859, ""class_id"": 0, ""class_name"": ""person""}, {""x1"": 1813.08, ""y1"": 2089.6, ""x2"": 2077.03, ""y2"": 2969.01, ""confidence"": 0.4853, ""class_id"": 0, ""class_name"": ""person""}, {""x1"": 1096.63, ""y1"": 2167.96, ""x2"": 1315.35, ""y2"": 3014.99, ""confidence"": 0.344, ""class_id"": 0, ""class_name"": ""person""}]"
crowd_city_20260611_013614,camera_01,data\video\crowd_city.mp4,86,2026-06-11T01:36:53,2026-06-11T01:36:53,2160,3840,7,87.48,output\experiments\crowd_city_20260611_013614\annotated_frames\camera_01_frame_000086.jpg,"[{""x1"": 6.2, ""y1"": 2085.16, ""x2"": 555.57, ""y2"": 3832.13, ""confidence"": 0.8529, ""class_id"": 0, ""class_name"": ""person""}, {""x1"": 419.98, ""y1"": 1996.44, ""x2"": 1054.35, ""y2"": 3768.39, ""confidence"": 0.8451, ""class_id"": 0, ""class_name"": ""person""}, {""x1"": 1280.0, ""y1"": 2105.02, ""x2"": 1690.52, ""y2"": 3266.6, ""confidence"": 0.7922, ""class_id"": 0, ""class_name"": ""person""}, {""x1"": 1615.84, ""y1"": 2117.48, ""x2"": 1982.13, ""y2"": 3289.67, ""confidence"": 0.7676, ""class_id"": 0, ""class_name"": ""person""}, {""x1"": 839.55, ""y1"": 2161.96, ""x2"": 1213.46, ""y2"": 3672.68, ""confidence"": 0.7304, ""class_id"": 0, ""class_name"": ""person""}, {""x1"": 1815.07, ""y1"": 2090.13, ""x2"": 2070.71, ""y2"": 2969.46, ""confidence"": 0.501, ""class_id"": 0, ""class_name"": ""person""}, {""x1"": 1092.29, ""y1"": 2166.21, ""x2"": 1312.44, ""y2"": 3010.44, ""confidence"": 0.3783, ""class_id"": 0, ""class_name"": ""person""}]"
crowd_city_20260611_013614,camera_01,data\video\crowd_city.mp4,87,2026-06-11T01:36:53,2026-06-11T01:36:54,2160,3840,7,92.32,output\experiments\crowd_city_20260611_013614\annotated_frames\camera_01_frame_000087.jpg,"[{""x1"": 5.92, ""y1"": 2090.55, ""x2"": 552.39, ""y2"": 3836.63, ""confidence"": 0.8564, ""class_id"": 0, ""class_name"": ""person""}, {""x1"": 417.26, ""y1"": 2001.87, ""x2"": 1049.99, ""y2"": 3764.05, ""confidence"": 0.836, ""class_id"": 0, ""class_name"": ""person""}, {""x1"": 1278.81, ""y1"": 2105.33, ""x2"": 1693.16, ""y2"": 3253.33, ""confidence"": 0.7974, ""class_id"": 0, ""class_name"": ""person""}, {""x1"": 1614.26, ""y1"": 2112.87, ""x2"": 1982.76, ""y2"": 3285.23, ""confidence"": 0.7904, ""class_id"": 0, ""class_name"": ""person""}, {""x1"": 839.31, ""y1"": 2163.04, ""x2"": 1217.57, ""y2"": 3690.61, ""confidence"": 0.7536, ""class_id"": 0, ""class_name"": ""person""}, {""x1"": 1812.91, ""y1"": 2090.41, ""x2"": 2056.13, ""y2"": 2970.46, ""confidence"": 0.5083, ""class_id"": 0, ""class_name"": ""person""}, {""x1"": 1098.1, ""y1"": 2169.08, ""x2"": 1312.67, ""y2"": 3007.38, ""confidence"": 0.3512, ""class_id"": 0, ""class_name"": ""person""}]"
crowd_city_20260611_013614,camera_01,data\video\crowd_city.mp4,88,2026-06-11T01:36:54,2026-06-11T01:36:54,2160,3840,8,87.77,output\experiments\crowd_city_20260611_013614\annotated_frames\camera_01_frame_000088.jpg,"[{""x1"": 6.37, ""y1"": 2085.43, ""x2"": 547.65, ""y2"": 3837.03, ""confidence"": 0.8596, ""class_id"": 0, ""class_name"": ""person""}, {""x1"": 411.91, ""y1"": 2015.03, ""x2"": 1042.33, ""y2"": 3782.87, ""confidence"": 0.8197, ""class_id"": 0, ""class_name"": ""person""}, {""x1"": 1279.85, ""y1"": 2105.59, ""x2"": 1694.17, ""y2"": 3238.75, ""confidence"": 0.7648, ""class_id"": 0, ""class_name"": ""person""}, {""x1"": 841.47, ""y1"": 2163.84, ""x2"": 1230.98, ""y2"": 3704.69, ""confidence"": 0.7417, ""class_id"": 0, ""class_name"": ""person""}, {""x1"": 1613.12, ""y1"": 2111.23, ""x2"": 1978.31, ""y2"": 3278.73, ""confidence"": 0.7247, ""class_id"": 0, ""class_name"": ""person""}, {""x1"": 1801.29, ""y1"": 2091.41, ""x2"": 2051.6, ""y2"": 2969.5, ""confidence"": 0.5005, ""class_id"": 0, ""class_name"": ""person""}, {""x1"": 1095.2, ""y1"": 2169.21, ""x2"": 1312.27, ""y2"": 3013.68, ""confidence"": 0.3295, ""class_id"": 0, ""class_name"": ""person""}, {""x1"": 2008.57, ""y1"": 2103.94, ""x2"": 2151.93, ""y2"": 2707.21, ""confidence"": 0.2501, ""class_id"": 0, ""class_name"": ""person""}]"
crowd_city_20260611_013614,camera_01,data\video\crowd_city.mp4,89,2026-06-11T01:36:54,2026-06-11T01:36:54,2160,3840,8,83.1,output\experiments\crowd_city_20260611_013614\annotated_frames\camera_01_frame_000089.jpg,"[{""x1"": 5.06, ""y1"": 2089.34, ""x2"": 540.91, ""y2"": 3838.13, ""confidence"": 0.8681, ""class_id"": 0, ""class_name"": ""person""}, {""x1"": 400.62, ""y1"": 2004.78, ""x2"": 1038.78, ""y2"": 3798.44, ""confidence"": 0.8092, ""class_id"": 0, ""class_name"": ""person""}, {""x1"": 1286.67, ""y1"": 2110.92, ""x2"": 1695.22, ""y2"": 3270.6, ""confidence"": 0.7933, ""class_id"": 0, ""class_name"": ""person""}, {""x1"": 849.39, ""y1"": 2165.7, ""x2"": 1247.73, ""y2"": 3722.45, ""confidence"": 0.7735, ""class_id"": 0, ""class_name"": ""person""}, {""x1"": 1610.86, ""y1"": 2110.15, ""x2"": 1978.44, ""y2"": 3270.69, ""confidence"": 0.7272, ""class_id"": 0, ""class_name"": ""person""}, {""x1"": 1815.25, ""y1"": 2093.26, ""x2"": 2058.43, ""y2"": 2969.51, ""confidence"": 0.4874, ""class_id"": 0, ""class_name"": ""person""}, {""x1"": 2005.09, ""y1"": 2109.75, ""x2"": 2154.06, ""y2"": 2711.49, ""confidence"": 0.331, ""class_id"": 0, ""class_name"": ""person""}, {""x1"": 1097.2, ""y1"": 2160.93, ""x2"": 1307.31, ""y2"": 3030.62, ""confidence"": 0.2961, ""class_id"": 0, ""class_name"": ""person""}]"
crowd_city_20260611_013614,camera_01,data\video\crowd_city.mp4,90,2026-06-11T01:36:54,2026-06-11T01:36:54,2160,3840,8,82.35,output\experiments\crowd_city_20260611_013614\annotated_frames\camera_01_frame_000090.jpg,"[{""x1"": 2.99, ""y1"": 2088.52, ""x2"": 532.65, ""y2"": 3838.24, ""confidence"": 0.8706, ""class_id"": 0, ""class_name"": ""person""}, {""x1"": 404.03, ""y1"": 2011.59, ""x2"": 1030.64, ""y2"": 3794.67, ""confidence"": 0.8384, ""class_id"": 0, ""class_name"": ""person""}, {""x1"": 843.42, ""y1"": 2167.05, ""x2"": 1241.14, ""y2"": 3727.17, ""confidence"": 0.7748, ""class_id"": 0, ""class_name"": ""person""}, {""x1"": 1287.49, ""y1"": 2109.68, ""x2"": 1693.75, ""y2"": 3265.97, ""confidence"": 0.7676, ""class_id"": 0, ""class_name"": ""person""}, {""x1"": 1604.57, ""y1"": 2110.71, ""x2"": 1978.96, ""y2"": 3277.65, ""confidence"": 0.7177, ""class_id"": 0, ""class_name"": ""person""}, {""x1"": 1823.96, ""y1"": 2093.12, ""x2"": 2060.92, ""y2"": 2970.03, ""confidence"": 0.5043, ""class_id"": 0, ""class_name"": ""person""}, {""x1"": 2003.17, ""y1"": 2107.14, ""x2"": 2154.1, ""y2"": 2720.64, ""confidence"": 0.3533, ""class_id"": 0, ""class_name"": ""person""}, {""x1"": 1093.89, ""y1"": 2163.79, ""x2"": 1299.88, ""y2"": 3016.71, ""confidence"": 0.2625, ""class_id"": 0, ""class_name"": ""person""}]"
crowd_city_20260611_013614,camera_01,data\video\crowd_city.mp4,91,2026-06-11T01:36:54,2026-06-11T01:36:55,2160,3840,8,80.69,output\experiments\crowd_city_20260611_013614\annotated_frames\camera_01_frame_000091.jpg,"[{""x1"": 4.49, ""y1"": 2092.47, ""x2"": 526.44, ""y2"": 3838.1, ""confidence"": 0.8738, ""class_id"": 0, ""class_name"": ""person""}, {""x1"": 395.2, ""y1"": 2012.21, ""x2"": 1024.53, ""y2"": 3806.93, ""confidence"": 0.8383, ""class_id"": 0, ""class_name"": ""person""}, {""x1"": 1289.76, ""y1"": 2108.52, ""x2"": 1695.99, ""y2"": 3252.36, ""confidence"": 0.7852, ""class_id"": 0, ""class_name"": ""person""}, {""x1"": 843.7, ""y1"": 2164.44, ""x2"": 1247.09, ""y2"": 3743.7, ""confidence"": 0.7775, ""class_id"": 0, ""class_name"": ""person""}, {""x1"": 1608.88, ""y1"": 2110.06, ""x2"": 1976.23, ""y2"": 3285.7, ""confidence"": 0.7262, ""class_id"": 0, ""class_name"": ""person""}, {""x1"": 1829.3, ""y1"": 2097.28, ""x2"": 2065.22, ""y2"": 2972.12, ""confidence"": 0.4746, ""class_id"": 0, ""class_name"": ""person""}, {""x1"": 1093.3, ""y1"": 2161.46, ""x2"": 1304.14, ""y2"": 2999.36, ""confidence"": 0.3171, ""class_id"": 0, ""class_name"": ""person""}, {""x1"": 2004.29, ""y1"": 2109.88, ""x2"": 2152.64, ""y2"": 2721.01, ""confidence"": 0.3052, ""class_id"": 0, ""class_name"": ""person""}]"
crowd_city_20260611_013614,camera_01,data\video\crowd_city.mp4,92,2026-06-11T01:36:55,2026-06-11T01:36:55,2160,3840,8,79.23,output\experiments\crowd_city_20260611_013614\annotated_frames\camera_01_frame_000092.jpg,"[{""x1"": 4.62, ""y1"": 2102.0, ""x2"": 520.27, ""y2"": 3837.92, ""confidence"": 0.8767, ""class_id"": 0, ""class_name"": ""person""}, {""x1"": 389.35, ""y1"": 2007.73, ""x2"": 1018.33, ""y2"": 3810.31, ""confidence"": 0.8347, ""class_id"": 0, ""class_name"": ""person""}, {""x1"": 842.27, ""y1"": 2160.14, ""x2"": 1266.11, ""y2"": 3759.44, ""confidence"": 0.8105, ""class_id"": 0, ""class_name"": ""person""}, {""x1"": 1294.0, ""y1"": 2105.55, ""x2"": 1694.82, ""y2"": 3258.75, ""confidence"": 0.7796, ""class_id"": 0, ""class_name"": ""person""}, {""x1"": 1609.09, ""y1"": 2109.41, ""x2"": 1973.68, ""y2"": 3284.07, ""confidence"": 0.7296, ""class_id"": 0, ""class_name"": ""person""}, {""x1"": 1803.34, ""y1"": 2096.97, ""x2"": 2050.66, ""y2"": 2974.43, ""confidence"": 0.4928, ""class_id"": 0, ""class_name"": ""person""}, {""x1"": 2001.98, ""y1"": 2115.15, ""x2"": 2146.24, ""y2"": 2726.43, ""confidence"": 0.2977, ""class_id"": 0, ""class_name"": ""person""}, {""x1"": 285.98, ""y1"": 2208.89, ""x2"": 458.37, ""y2"": 2412.08, ""confidence"": 0.2601, ""class_id"": 0, ""class_name"": ""person""}]"
crowd_city_20260611_013614,camera_01,data\video\crowd_city.mp4,93,2026-06-11T01:36:55,2026-06-11T01:36:55,2160,3840,7,77.89,output\experiments\crowd_city_20260611_013614\annotated_frames\camera_01_frame_000093.jpg,"[{""x1"": 4.02, ""y1"": 2105.22, ""x2"": 512.52, ""y2"": 3837.38, ""confidence"": 0.8765, ""class_id"": 0, ""class_name"": ""person""}, {""x1"": 382.66, ""y1"": 1993.6, ""x2"": 1012.1, ""y2"": 3809.81, ""confidence"": 0.8471, ""class_id"": 0, ""class_name"": ""person""}, {""x1"": 847.82, ""y1"": 2161.36, ""x2"": 1269.65, ""y2"": 3760.15, ""confidence"": 0.8301, ""class_id"": 0, ""class_name"": ""person""}, {""x1"": 1292.04, ""y1"": 2106.2, ""x2"": 1692.58, ""y2"": 3267.58, ""confidence"": 0.7649, ""class_id"": 0, ""class_name"": ""person""}, {""x1"": 1607.35, ""y1"": 2108.87, ""x2"": 1974.56, ""y2"": 3281.2, ""confidence"": 0.7155, ""class_id"": 0, ""class_name"": ""person""}, {""x1"": 1800.72, ""y1"": 2098.0, ""x2"": 2047.28, ""y2"": 2977.68, ""confidence"": 0.4964, ""class_id"": 0, ""class_name"": ""person""}, {""x1"": 761.39, ""y1"": 1860.69, ""x2"": 894.18, ""y2"": 2232.54, ""confidence"": 0.2528, ""class_id"": 0, ""class_name"": ""person""}]"
crowd_city_20260611_013614,camera_01,data\video\crowd_city.mp4,94,2026-06-11T01:36:55,2026-06-11T01:36:55,2160,3840,7,82.14,output\experiments\crowd_city_20260611_013614\annotated_frames\camera_01_frame_000094.jpg,"[{""x1"": 4.17, ""y1"": 2108.97, ""x2"": 506.61, ""y2"": 3840.0, ""confidence"": 0.8769, ""class_id"": 0, ""class_name"": ""person""}, {""x1"": 374.1, ""y1"": 1991.73, ""x2"": 1000.1, ""y2"": 3817.77, ""confidence"": 0.8429, ""class_id"": 0, ""class_name"": ""person""}, {""x1"": 853.14, ""y1"": 2164.72, ""x2"": 1263.13, ""y2"": 3770.76, ""confidence"": 0.8122, ""class_id"": 0, ""class_name"": ""person""}, {""x1"": 1287.8, ""y1"": 2104.91, ""x2"": 1691.92, ""y2"": 3260.66, ""confidence"": 0.778, ""class_id"": 0, ""class_name"": ""person""}, {""x1"": 1607.48, ""y1"": 2109.8, ""x2"": 1969.46, ""y2"": 3274.64, ""confidence"": 0.7156, ""class_id"": 0, ""class_name"": ""person""}, {""x1"": 1795.11, ""y1"": 2097.94, ""x2"": 2048.21, ""y2"": 2978.07, ""confidence"": 0.5266, ""class_id"": 0, ""class_name"": ""person""}, {""x1"": 759.83, ""y1"": 1852.34, ""x2"": 891.41, ""y2"": 2233.3, ""confidence"": 0.2638, ""class_id"": 0, ""class_name"": ""person""}]"
crowd_city_20260611_013614,camera_01,data\video\crowd_city.mp4,95,2026-06-11T01:36:55,2026-06-11T01:36:56,2160,3840,6,81.12,output\experiments\crowd_city_20260611_013614\annotated_frames\camera_01_frame_000095.jpg,"[{""x1"": 4.93, ""y1"": 2113.6, ""x2"": 504.08, ""y2"": 3838.46, ""confidence"": 0.8611, ""class_id"": 0, ""class_name"": ""person""}, {""x1"": 367.02, ""y1"": 1986.68, ""x2"": 991.41, ""y2"": 3813.41, ""confidence"": 0.858, ""class_id"": 0, ""class_name"": ""person""}, {""x1"": 843.68, ""y1"": 2173.84, ""x2"": 1257.06, ""y2"": 3787.8, ""confidence"": 0.8313, ""class_id"": 0, ""class_name"": ""person""}, {""x1"": 1293.34, ""y1"": 2100.55, ""x2"": 1686.72, ""y2"": 3258.07, ""confidence"": 0.7615, ""class_id"": 0, ""class_name"": ""person""}, {""x1"": 1611.93, ""y1"": 2086.07, ""x2"": 1973.02, ""y2"": 3276.05, ""confidence"": 0.7212, ""class_id"": 0, ""class_name"": ""person""}, {""x1"": 1798.71, ""y1"": 2096.69, ""x2"": 2047.71, ""y2"": 2979.94, ""confidence"": 0.5402, ""class_id"": 0, ""class_name"": ""person""}]"
crowd_city_20260611_013614,camera_01,data\video\crowd_city.mp4,96,2026-06-11T01:36:56,2026-06-11T01:36:56,2160,3840,7,79.25,output\experiments\crowd_city_20260611_013614\annotated_frames\camera_01_frame_000096.jpg,"[{""x1"": 5.32, ""y1"": 2118.39, ""x2"": 501.8, ""y2"": 3839.71, ""confidence"": 0.8704, ""class_id"": 0, ""class_name"": ""person""}, {""x1"": 355.1, ""y1"": 1979.83, ""x2"": 990.33, ""y2"": 3816.52, ""confidence"": 0.8679, ""class_id"": 0, ""class_name"": ""person""}, {""x1"": 833.45, ""y1"": 2181.61, ""x2"": 1256.75, ""y2"": 3806.04, ""confidence"": 0.8436, ""class_id"": 0, ""class_name"": ""person""}, {""x1"": 1298.68, ""y1"": 2091.99, ""x2"": 1687.91, ""y2"": 3253.96, ""confidence"": 0.7632, ""class_id"": 0, ""class_name"": ""person""}, {""x1"": 1612.47, ""y1"": 2091.41, ""x2"": 1969.4, ""y2"": 3275.77, ""confidence"": 0.721, ""class_id"": 0, ""class_name"": ""person""}, {""x1"": 1813.31, ""y1"": 2096.66, ""x2"": 2047.8, ""y2"": 2981.26, ""confidence"": 0.5132, ""class_id"": 0, ""class_name"": ""person""}, {""x1"": 262.85, ""y1"": 2224.77, ""x2"": 405.07, ""y2"": 2430.3, ""confidence"": 0.2792, ""class_id"": 0, ""class_name"": ""person""}]"
crowd_city_20260611_013614,camera_01,data\video\crowd_city.mp4,97,2026-06-11T01:36:56,2026-06-11T01:36:56,2160,3840,7,82.38,output\experiments\crowd_city_20260611_013614\annotated_frames\camera_01_frame_000097.jpg,"[{""x1"": 6.63, ""y1"": 2120.53, ""x2"": 498.68, ""y2"": 3839.8, ""confidence"": 0.8765, ""class_id"": 0, ""class_name"": ""person""}, {""x1"": 336.69, ""y1"": 1975.27, ""x2"": 988.31, ""y2"": 3818.81, ""confidence"": 0.8717, ""class_id"": 0, ""class_name"": ""person""}, {""x1"": 828.66, ""y1"": 2170.35, ""x2"": 1257.62, ""y2"": 3809.68, ""confidence"": 0.8651, ""class_id"": 0, ""class_name"": ""person""}, {""x1"": 1296.39, ""y1"": 2095.53, ""x2"": 1691.67, ""y2"": 3256.41, ""confidence"": 0.7945, ""class_id"": 0, ""class_name"": ""person""}, {""x1"": 1616.17, ""y1"": 2099.18, ""x2"": 1970.32, ""y2"": 3271.27, ""confidence"": 0.7302, ""class_id"": 0, ""class_name"": ""person""}, {""x1"": 1827.15, ""y1"": 2097.67, ""x2"": 2043.39, ""y2"": 2983.06, ""confidence"": 0.4894, ""class_id"": 0, ""class_name"": ""person""}, {""x1"": 255.9, ""y1"": 2217.82, ""x2"": 403.97, ""y2"": 2431.22, ""confidence"": 0.2593, ""class_id"": 0, ""class_name"": ""person""}]"
crowd_city_20260611_013614,camera_01,data\video\crowd_city.mp4,98,2026-06-11T01:36:56,2026-06-11T01:36:56,2160,3840,6,76.61,output\experiments\crowd_city_20260611_013614\annotated_frames\camera_01_frame_000098.jpg,"[{""x1"": 332.01, ""y1"": 1978.49, ""x2"": 981.03, ""y2"": 3824.64, ""confidence"": 0.8855, ""class_id"": 0, ""class_name"": ""person""}, {""x1"": 6.42, ""y1"": 2119.15, ""x2"": 494.44, ""y2"": 3838.88, ""confidence"": 0.8775, ""class_id"": 0, ""class_name"": ""person""}, {""x1"": 829.12, ""y1"": 2170.2, ""x2"": 1258.45, ""y2"": 3813.7, ""confidence"": 0.8733, ""class_id"": 0, ""class_name"": ""person""}, {""x1"": 1300.32, ""y1"": 2098.71, ""x2"": 1692.18, ""y2"": 3253.43, ""confidence"": 0.8311, ""class_id"": 0, ""class_name"": ""person""}, {""x1"": 1615.45, ""y1"": 2118.68, ""x2"": 1969.75, ""y2"": 3270.46, ""confidence"": 0.7037, ""class_id"": 0, ""class_name"": ""person""}, {""x1"": 1822.33, ""y1"": 2099.99, ""x2"": 2052.64, ""y2"": 2985.59, ""confidence"": 0.4832, ""class_id"": 0, ""class_name"": ""person""}]"
crowd_city_20260611_013614,camera_01,data\video\crowd_city.mp4,99,2026-06-11T01:36:56,2026-06-11T01:36:57,2160,3840,6,75.59,output\experiments\crowd_city_20260611_013614\annotated_frames\camera_01_frame_000099.jpg,"[{""x1"": 330.2, ""y1"": 1969.94, ""x2"": 976.25, ""y2"": 3830.91, ""confidence"": 0.8821, ""class_id"": 0, ""class_name"": ""person""}, {""x1"": 6.36, ""y1"": 2152.84, ""x2"": 489.5, ""y2"": 3837.27, ""confidence"": 0.8804, ""class_id"": 0, ""class_name"": ""person""}, {""x1"": 830.81, ""y1"": 2178.59, ""x2"": 1259.45, ""y2"": 3822.63, ""confidence"": 0.8737, ""class_id"": 0, ""class_name"": ""person""}, {""x1"": 1298.43, ""y1"": 2096.12, ""x2"": 1689.45, ""y2"": 3248.19, ""confidence"": 0.7855, ""class_id"": 0, ""class_name"": ""person""}, {""x1"": 1616.98, ""y1"": 2104.97, ""x2"": 1968.32, ""y2"": 3277.8, ""confidence"": 0.6791, ""class_id"": 0, ""class_name"": ""person""}, {""x1"": 1831.13, ""y1"": 2104.51, ""x2"": 2059.68, ""y2"": 2988.52, ""confidence"": 0.4272, ""class_id"": 0, ""class_name"": ""person""}]"
crowd_city_20260611_013614,camera_01,data\video\crowd_city.mp4,100,2026-06-11T01:36:57,2026-06-11T01:36:57,2160,3840,7,85.79,output\experiments\crowd_city_20260611_013614\annotated_frames\camera_01_frame_000100.jpg,"[{""x1"": 5.19, ""y1"": 2155.96, ""x2"": 482.4, ""y2"": 3838.0, ""confidence"": 0.8847, ""class_id"": 0, ""class_name"": ""person""}, {""x1"": 323.21, ""y1"": 1974.42, ""x2"": 967.04, ""y2"": 3830.05, ""confidence"": 0.8809, ""class_id"": 0, ""class_name"": ""person""}, {""x1"": 830.14, ""y1"": 2178.66, ""x2"": 1261.64, ""y2"": 3823.76, ""confidence"": 0.8766, ""class_id"": 0, ""class_name"": ""person""}, {""x1"": 1300.48, ""y1"": 2097.67, ""x2"": 1687.62, ""y2"": 3259.16, ""confidence"": 0.8259, ""class_id"": 0, ""class_name"": ""person""}, {""x1"": 1611.97, ""y1"": 2127.76, ""x2"": 1965.97, ""y2"": 3275.12, ""confidence"": 0.7108, ""class_id"": 0, ""class_name"": ""person""}, {""x1"": 1835.76, ""y1"": 2105.9, ""x2"": 2053.55, ""y2"": 2992.12, ""confidence"": 0.4537, ""class_id"": 0, ""class_name"": ""person""}, {""x1"": 67.6, ""y1"": 1804.84, ""x2"": 222.79, ""y2"": 2179.7, ""confidence"": 0.257, ""class_id"": 0, ""class_name"": ""person""}]"
crowd_city_20260611_013614,camera_01,data\video\crowd_city.mp4,101,2026-06-11T01:36:57,2026-06-11T01:36:57,2160,3840,7,85.08,output\experiments\crowd_city_20260611_013614\annotated_frames\camera_01_frame_000101.jpg,"[{""x1"": 4.85, ""y1"": 2165.76, ""x2"": 476.97, ""y2"": 3838.17, ""confidence"": 0.8934, ""class_id"": 0, ""class_name"": ""person""}, {""x1"": 320.4, ""y1"": 1976.94, ""x2"": 961.72, ""y2"": 3832.59, ""confidence"": 0.8852, ""class_id"": 0, ""class_name"": ""person""}, {""x1"": 829.27, ""y1"": 2175.33, ""x2"": 1266.79, ""y2"": 3825.68, ""confidence"": 0.8762, ""class_id"": 0, ""class_name"": ""person""}, {""x1"": 1300.2, ""y1"": 2097.77, ""x2"": 1687.36, ""y2"": 3255.05, ""confidence"": 0.8026, ""class_id"": 0, ""class_name"": ""person""}, {""x1"": 1618.25, ""y1"": 2107.65, ""x2"": 1969.68, ""y2"": 3285.58, ""confidence"": 0.6802, ""class_id"": 0, ""class_name"": ""person""}, {""x1"": 1839.67, ""y1"": 2112.05, ""x2"": 2026.01, ""y2"": 2990.65, ""confidence"": 0.3893, ""class_id"": 0, ""class_name"": ""person""}, {""x1"": 2025.11, ""y1"": 3034.77, ""x2"": 2160.0, ""y2"": 3837.39, ""confidence"": 0.2576, ""class_id"": 0, ""class_name"": ""person""}]"
crowd_city_20260611_013614,camera_01,data\video\crowd_city.mp4,102,2026-06-11T01:36:57,2026-06-11T01:36:57,2160,3840,7,81.35,output\experiments\crowd_city_20260611_013614\annotated_frames\camera_01_frame_000102.jpg,"[{""x1"": 5.35, ""y1"": 2168.62, ""x2"": 470.71, ""y2"": 3838.41, ""confidence"": 0.8982, ""class_id"": 0, ""class_name"": ""person""}, {""x1"": 312.35, ""y1"": 1969.26, ""x2"": 958.1, ""y2"": 3833.93, ""confidence"": 0.8971, ""class_id"": 0, ""class_name"": ""person""}, {""x1"": 828.92, ""y1"": 2178.84, ""x2"": 1273.06, ""y2"": 3828.59, ""confidence"": 0.8812, ""class_id"": 0, ""class_name"": ""person""}, {""x1"": 1302.05, ""y1"": 2098.5, ""x2"": 1689.6, ""y2"": 3250.68, ""confidence"": 0.8014, ""class_id"": 0, ""class_name"": ""person""}, {""x1"": 1616.03, ""y1"": 2112.67, ""x2"": 1968.02, ""y2"": 3290.33, ""confidence"": 0.6601, ""class_id"": 0, ""class_name"": ""person""}, {""x1"": 1840.14, ""y1"": 2112.93, ""x2"": 2023.57, ""y2"": 2993.1, ""confidence"": 0.4022, ""class_id"": 0, ""class_name"": ""person""}, {""x1"": 1998.72, ""y1"": 2966.16, ""x2"": 2160.0, ""y2"": 3837.27, ""confidence"": 0.2566, ""class_id"": 0, ""class_name"": ""person""}]"
crowd_city_20260611_013614,camera_01,data\video\crowd_city.mp4,103,2026-06-11T01:36:57,2026-06-11T01:36:58,2160,3840,7,85.53,output\experiments\crowd_city_20260611_013614\annotated_frames\camera_01_frame_000103.jpg,"[{""x1"": 309.13, ""y1"": 1962.86, ""x2"": 953.03, ""y2"": 3832.61, ""confidence"": 0.896, ""class_id"": 0, ""class_name"": ""person""}, {""x1"": 7.42, ""y1"": 2162.23, ""x2"": 464.6, ""y2"": 3840.0, ""confidence"": 0.8955, ""class_id"": 0, ""class_name"": ""person""}, {""x1"": 829.34, ""y1"": 2172.08, ""x2"": 1275.12, ""y2"": 3824.31, ""confidence"": 0.8738, ""class_id"": 0, ""class_name"": ""person""}, {""x1"": 1307.26, ""y1"": 2098.75, ""x2"": 1691.83, ""y2"": 3256.14, ""confidence"": 0.7952, ""class_id"": 0, ""class_name"": ""person""}, {""x1"": 1623.36, ""y1"": 2118.79, ""x2"": 1962.2, ""y2"": 3297.84, ""confidence"": 0.6534, ""class_id"": 0, ""class_name"": ""person""}, {""x1"": 1980.2, ""y1"": 2907.75, ""x2"": 2159.08, ""y2"": 3836.68, ""confidence"": 0.4487, ""class_id"": 0, ""class_name"": ""person""}, {""x1"": 1839.7, ""y1"": 2112.14, ""x2"": 2037.76, ""y2"": 2995.84, ""confidence"": 0.4071, ""class_id"": 0, ""class_name"": ""person""}]"
crowd_city_20260611_013614,camera_01,data\video\crowd_city.mp4,104,2026-06-11T01:36:58,2026-06-11T01:36:58,2160,3840,7,84.7,output\experiments\crowd_city_20260611_013614\annotated_frames\camera_01_frame_000104.jpg,"[{""x1"": 303.13, ""y1"": 1967.49, ""x2"": 947.7, ""y2"": 3836.69, ""confidence"": 0.896, ""class_id"": 0, ""class_name"": ""person""}, {""x1"": 8.36, ""y1"": 2166.82, ""x2"": 460.32, ""y2"": 3839.7, ""confidence"": 0.8936, ""class_id"": 0, ""class_name"": ""person""}, {""x1"": 830.9, ""y1"": 2161.83, ""x2"": 1278.66, ""y2"": 3833.8, ""confidence"": 0.8797, ""class_id"": 0, ""class_name"": ""person""}, {""x1"": 1309.23, ""y1"": 2100.7, ""x2"": 1690.93, ""y2"": 3264.39, ""confidence"": 0.8159, ""class_id"": 0, ""class_name"": ""person""}, {""x1"": 1624.31, ""y1"": 2122.03, ""x2"": 1958.7, ""y2"": 3297.21, ""confidence"": 0.6561, ""class_id"": 0, ""class_name"": ""person""}, {""x1"": 1837.14, ""y1"": 2112.36, ""x2"": 2039.82, ""y2"": 2997.35, ""confidence"": 0.4402, ""class_id"": 0, ""class_name"": ""person""}, {""x1"": 1956.99, ""y1"": 2869.79, ""x2"": 2158.51, ""y2"": 3837.59, ""confidence"": 0.4127, ""class_id"": 0, ""class_name"": ""person""}]"
crowd_city_20260611_013614,camera_01,data\video\crowd_city.mp4,105,2026-06-11T01:36:58,2026-06-11T01:36:58,2160,3840,7,85.75,output\experiments\crowd_city_20260611_013614\annotated_frames\camera_01_frame_000105.jpg,"[{""x1"": 299.1, ""y1"": 1965.67, ""x2"": 942.58, ""y2"": 3835.86, ""confidence"": 0.9038, ""class_id"": 0, ""class_name"": ""person""}, {""x1"": 8.76, ""y1"": 2167.2, ""x2"": 456.23, ""y2"": 3838.43, ""confidence"": 0.8993, ""class_id"": 0, ""class_name"": ""person""}, {""x1"": 828.85, ""y1"": 2168.38, ""x2"": 1284.94, ""y2"": 3837.36, ""confidence"": 0.8799, ""class_id"": 0, ""class_name"": ""person""}, {""x1"": 1309.99, ""y1"": 2102.89, ""x2"": 1691.54, ""y2"": 3264.86, ""confidence"": 0.8294, ""class_id"": 0, ""class_name"": ""person""}, {""x1"": 1619.32, ""y1"": 2145.13, ""x2"": 1956.85, ""y2"": 3292.33, ""confidence"": 0.662, ""class_id"": 0, ""class_name"": ""person""}, {""x1"": 1832.82, ""y1"": 2112.26, ""x2"": 2041.16, ""y2"": 3001.93, ""confidence"": 0.5026, ""class_id"": 0, ""class_name"": ""person""}, {""x1"": 1932.35, ""y1"": 2789.88, ""x2"": 2157.22, ""y2"": 3832.41, ""confidence"": 0.4678, ""class_id"": 0, ""class_name"": ""person""}]"
crowd_city_20260611_013614,camera_01,data\video\crowd_city.mp4,106,2026-06-11T01:36:58,2026-06-11T01:36:58,2160,3840,7,83.19,output\experiments\crowd_city_20260611_013614\annotated_frames\camera_01_frame_000106.jpg,"[{""x1"": 290.24, ""y1"": 1964.21, ""x2"": 939.24, ""y2"": 3836.67, ""confidence"": 0.9044, ""class_id"": 0, ""class_name"": ""person""}, {""x1"": 8.26, ""y1"": 2172.86, ""x2"": 451.37, ""y2"": 3838.95, ""confidence"": 0.9032, ""class_id"": 0, ""class_name"": ""person""}, {""x1"": 827.5, ""y1"": 2163.43, ""x2"": 1288.27, ""y2"": 3834.86, ""confidence"": 0.8788, ""class_id"": 0, ""class_name"": ""person""}, {""x1"": 1312.3, ""y1"": 2104.87, ""x2"": 1693.17, ""y2"": 3263.08, ""confidence"": 0.8444, ""class_id"": 0, ""class_name"": ""person""}, {""x1"": 1619.17, ""y1"": 2147.39, ""x2"": 1958.62, ""y2"": 3294.31, ""confidence"": 0.668, ""class_id"": 0, ""class_name"": ""person""}, {""x1"": 1835.09, ""y1"": 2115.98, ""x2"": 2037.62, ""y2"": 3004.16, ""confidence"": 0.5291, ""class_id"": 0, ""class_name"": ""person""}, {""x1"": 1911.35, ""y1"": 2764.44, ""x2"": 2156.28, ""y2"": 3831.87, ""confidence"": 0.5277, ""class_id"": 0, ""class_name"": ""person""}]"
crowd_city_20260611_013614,camera_01,data\video\crowd_city.mp4,107,2026-06-11T01:36:59,2026-06-11T01:36:59,2160,3840,7,82.07,output\experiments\crowd_city_20260611_013614\annotated_frames\camera_01_frame_000107.jpg,"[{""x1"": 7.33, ""y1"": 2167.47, ""x2"": 443.92, ""y2"": 3838.8, ""confidence"": 0.9039, ""class_id"": 0, ""class_name"": ""person""}, {""x1"": 282.07, ""y1"": 1963.38, ""x2"": 935.99, ""y2"": 3836.77, ""confidence"": 0.8991, ""class_id"": 0, ""class_name"": ""person""}, {""x1"": 831.24, ""y1"": 2161.25, ""x2"": 1297.22, ""y2"": 3837.88, ""confidence"": 0.8718, ""class_id"": 0, ""class_name"": ""person""}, {""x1"": 1313.41, ""y1"": 2110.12, ""x2"": 1695.24, ""y2"": 3274.55, ""confidence"": 0.834, ""class_id"": 0, ""class_name"": ""person""}, {""x1"": 1623.21, ""y1"": 2136.3, ""x2"": 1957.57, ""y2"": 3291.92, ""confidence"": 0.6579, ""class_id"": 0, ""class_name"": ""person""}, {""x1"": 1832.93, ""y1"": 2112.99, ""x2"": 2036.49, ""y2"": 3000.31, ""confidence"": 0.5115, ""class_id"": 0, ""class_name"": ""person""}, {""x1"": 1877.31, ""y1"": 2757.32, ""x2"": 2155.03, ""y2"": 3832.02, ""confidence"": 0.5108, ""class_id"": 0, ""class_name"": ""person""}]"
crowd_city_20260611_013614,camera_01,data\video\crowd_city.mp4,108,2026-06-11T01:36:59,2026-06-11T01:36:59,2160,3840,7,85.19,output\experiments\crowd_city_20260611_013614\annotated_frames\camera_01_frame_000108.jpg,"[{""x1"": 6.91, ""y1"": 2164.39, ""x2"": 438.46, ""y2"": 3839.18, ""confidence"": 0.8997, ""class_id"": 0, ""class_name"": ""person""}, {""x1"": 277.15, ""y1"": 1971.57, ""x2"": 935.03, ""y2"": 3838.25, ""confidence"": 0.8958, ""class_id"": 0, ""class_name"": ""person""}, {""x1"": 831.51, ""y1"": 2162.23, ""x2"": 1302.94, ""y2"": 3836.54, ""confidence"": 0.8658, ""class_id"": 0, ""class_name"": ""person""}, {""x1"": 1315.94, ""y1"": 2110.24, ""x2"": 1696.48, ""y2"": 3278.48, ""confidence"": 0.8403, ""class_id"": 0, ""class_name"": ""person""}, {""x1"": 1618.13, ""y1"": 2147.26, ""x2"": 1952.6, ""y2"": 3291.73, ""confidence"": 0.6425, ""class_id"": 0, ""class_name"": ""person""}, {""x1"": 1831.35, ""y1"": 2119.67, ""x2"": 2038.48, ""y2"": 2998.94, ""confidence"": 0.5009, ""class_id"": 0, ""class_name"": ""person""}, {""x1"": 1851.26, ""y1"": 2748.24, ""x2"": 2154.88, ""y2"": 3834.58, ""confidence"": 0.4809, ""class_id"": 0, ""class_name"": ""person""}]"
crowd_city_20260611_013614,camera_01,data\video\crowd_city.mp4,109,2026-06-11T01:36:59,2026-06-11T01:36:59,2160,3840,7,77.57,output\experiments\crowd_city_20260611_013614\annotated_frames\camera_01_frame_000109.jpg,"[{""x1"": 8.12, ""y1"": 2170.68, ""x2"": 434.73, ""y2"": 3838.36, ""confidence"": 0.8997, ""class_id"": 0, ""class_name"": ""person""}, {""x1"": 266.23, ""y1"": 1954.13, ""x2"": 931.42, ""y2"": 3838.27, ""confidence"": 0.8972, ""class_id"": 0, ""class_name"": ""person""}, {""x1"": 830.3, ""y1"": 2153.22, ""x2"": 1304.31, ""y2"": 3840.0, ""confidence"": 0.8684, ""class_id"": 0, ""class_name"": ""person""}, {""x1"": 1318.26, ""y1"": 2105.28, ""x2"": 1695.59, ""y2"": 3273.21, ""confidence"": 0.8349, ""class_id"": 0, ""class_name"": ""person""}, {""x1"": 1617.26, ""y1"": 2151.05, ""x2"": 1951.98, ""y2"": 3286.07, ""confidence"": 0.6538, ""class_id"": 0, ""class_name"": ""person""}, {""x1"": 1829.24, ""y1"": 2121.97, ""x2"": 2034.63, ""y2"": 2998.18, ""confidence"": 0.5144, ""class_id"": 0, ""class_name"": ""person""}, {""x1"": 1825.91, ""y1"": 2741.23, ""x2"": 2154.67, ""y2"": 3835.62, ""confidence"": 0.4779, ""class_id"": 0, ""class_name"": ""person""}]"
crowd_city_20260611_013614,camera_01,data\video\crowd_city.mp4,110,2026-06-11T01:36:59,2026-06-11T01:36:59,2160,3840,7,84.99,output\experiments\crowd_city_20260611_013614\annotated_frames\camera_01_frame_000110.jpg,"[{""x1"": 254.72, ""y1"": 1951.46, ""x2"": 928.63, ""y2"": 3837.79, ""confidence"": 0.8983, ""class_id"": 0, ""class_name"": ""person""}, {""x1"": 8.37, ""y1"": 2139.0, ""x2"": 428.06, ""y2"": 3838.63, ""confidence"": 0.8899, ""class_id"": 0, ""class_name"": ""person""}, {""x1"": 832.43, ""y1"": 2153.85, ""x2"": 1307.13, ""y2"": 3840.0, ""confidence"": 0.8695, ""class_id"": 0, ""class_name"": ""person""}, {""x1"": 1317.32, ""y1"": 2102.75, ""x2"": 1697.28, ""y2"": 3269.78, ""confidence"": 0.8313, ""class_id"": 0, ""class_name"": ""person""}, {""x1"": 1614.6, ""y1"": 2151.02, ""x2"": 1949.23, ""y2"": 3264.58, ""confidence"": 0.6464, ""class_id"": 0, ""class_name"": ""person""}, {""x1"": 1796.02, ""y1"": 2728.98, ""x2"": 2159.33, ""y2"": 3837.88, ""confidence"": 0.5705, ""class_id"": 0, ""class_name"": ""person""}, {""x1"": 1827.38, ""y1"": 2120.04, ""x2"": 2036.71, ""y2"": 3006.24, ""confidence"": 0.4946, ""class_id"": 0, ""class_name"": ""person""}]"
crowd_city_20260611_013614,camera_01,data\video\crowd_city.mp4,111,2026-06-11T01:37:00,2026-06-11T01:37:00,2160,3840,7,85.53,output\experiments\crowd_city_20260611_013614\annotated_frames\camera_01_frame_000111.jpg,"[{""x1"": 257.51, ""y1"": 1954.84, ""x2"": 923.72, ""y2"": 3840.0, ""confidence"": 0.8956, ""class_id"": 0, ""class_name"": ""person""}, {""x1"": 9.59, ""y1"": 2152.73, ""x2"": 421.23, ""y2"": 3839.11, ""confidence"": 0.8793, ""class_id"": 0, ""class_name"": ""person""}, {""x1"": 831.74, ""y1"": 2158.81, ""x2"": 1310.53, ""y2"": 3840.0, ""confidence"": 0.8777, ""class_id"": 0, ""class_name"": ""person""}, {""x1"": 1318.13, ""y1"": 2109.71, ""x2"": 1699.7, ""y2"": 3276.13, ""confidence"": 0.8007, ""class_id"": 0, ""class_name"": ""person""}, {""x1"": 1607.74, ""y1"": 2157.35, ""x2"": 1946.41, ""y2"": 3254.63, ""confidence"": 0.6846, ""class_id"": 0, ""class_name"": ""person""}, {""x1"": 1759.82, ""y1"": 2738.97, ""x2"": 2160.0, ""y2"": 3838.61, ""confidence"": 0.6749, ""class_id"": 0, ""class_name"": ""person""}, {""x1"": 1829.24, ""y1"": 2123.67, ""x2"": 2042.02, ""y2"": 3009.15, ""confidence"": 0.5327, ""class_id"": 0, ""class_name"": ""person""}]"
crowd_city_20260611_013614,camera_01,data\video\crowd_city.mp4,112,2026-06-11T01:37:00,2026-06-11T01:37:00,2160,3840,7,95.27,output\experiments\crowd_city_20260611_013614\annotated_frames\camera_01_frame_000112.jpg,"[{""x1"": 241.34, ""y1"": 1936.06, ""x2"": 925.32, ""y2"": 3839.83, ""confidence"": 0.8995, ""class_id"": 0, ""class_name"": ""person""}, {""x1"": 9.69, ""y1"": 2158.84, ""x2"": 420.0, ""y2"": 3838.87, ""confidence"": 0.8942, ""class_id"": 0, ""class_name"": ""person""}, {""x1"": 828.34, ""y1"": 2157.82, ""x2"": 1318.26, ""y2"": 3840.0, ""confidence"": 0.8775, ""class_id"": 0, ""class_name"": ""person""}, {""x1"": 1320.97, ""y1"": 2118.74, ""x2"": 1702.4, ""y2"": 3277.59, ""confidence"": 0.7955, ""class_id"": 0, ""class_name"": ""person""}, {""x1"": 1731.51, ""y1"": 2753.04, ""x2"": 2159.53, ""y2"": 3836.85, ""confidence"": 0.7079, ""class_id"": 0, ""class_name"": ""person""}, {""x1"": 1611.38, ""y1"": 2158.26, ""x2"": 1942.39, ""y2"": 3268.11, ""confidence"": 0.6952, ""class_id"": 0, ""class_name"": ""person""}, {""x1"": 1831.46, ""y1"": 2130.08, ""x2"": 2044.65, ""y2"": 3006.86, ""confidence"": 0.561, ""class_id"": 0, ""class_name"": ""person""}]"
crowd_city_20260611_013614,camera_01,data\video\crowd_city.mp4,113,2026-06-11T01:37:00,2026-06-11T01:37:00,2160,3840,7,89.18,output\experiments\crowd_city_20260611_013614\annotated_frames\camera_01_frame_000113.jpg,"[{""x1"": 248.37, ""y1"": 1943.45, ""x2"": 920.32, ""y2"": 3840.0, ""confidence"": 0.8869, ""class_id"": 0, ""class_name"": ""person""}, {""x1"": 9.7, ""y1"": 2150.68, ""x2"": 416.42, ""y2"": 3838.83, ""confidence"": 0.8799, ""class_id"": 0, ""class_name"": ""person""}, {""x1"": 829.55, ""y1"": 2165.35, ""x2"": 1321.4, ""y2"": 3840.0, ""confidence"": 0.8715, ""class_id"": 0, ""class_name"": ""person""}, {""x1"": 1320.0, ""y1"": 2129.29, ""x2"": 1702.68, ""y2"": 3281.07, ""confidence"": 0.8032, ""class_id"": 0, ""class_name"": ""person""}, {""x1"": 1720.94, ""y1"": 2723.75, ""x2"": 2160.0, ""y2"": 3837.08, ""confidence"": 0.7442, ""class_id"": 0, ""class_name"": ""person""}, {""x1"": 1616.49, ""y1"": 2157.65, ""x2"": 1942.99, ""y2"": 3244.52, ""confidence"": 0.7236, ""class_id"": 0, ""class_name"": ""person""}, {""x1"": 1834.03, ""y1"": 2130.11, ""x2"": 2045.7, ""y2"": 3006.53, ""confidence"": 0.6064, ""class_id"": 0, ""class_name"": ""person""}]"
crowd_city_20260611_013614,camera_01,data\video\crowd_city.mp4,114,2026-06-11T01:37:00,2026-06-11T01:37:01,2160,3840,7,118.54,output\experiments\crowd_city_20260611_013614\annotated_frames\camera_01_frame_000114.jpg,"[{""x1"": 243.45, ""y1"": 1942.23, ""x2"": 921.58, ""y2"": 3840.0, ""confidence"": 0.8864, ""class_id"": 0, ""class_name"": ""person""}, {""x1"": 823.51, ""y1"": 2166.13, ""x2"": 1325.11, ""y2"": 3840.0, ""confidence"": 0.8775, ""class_id"": 0, ""class_name"": ""person""}, {""x1"": 9.26, ""y1"": 2156.0, ""x2"": 406.16, ""y2"": 3838.45, ""confidence"": 0.8736, ""class_id"": 0, ""class_name"": ""person""}, {""x1"": 1694.01, ""y1"": 2763.61, ""x2"": 2160.0, ""y2"": 3836.96, ""confidence"": 0.775, ""class_id"": 0, ""class_name"": ""person""}, {""x1"": 1322.06, ""y1"": 2126.85, ""x2"": 1702.9, ""y2"": 3277.41, ""confidence"": 0.7679, ""class_id"": 0, ""class_name"": ""person""}, {""x1"": 1606.54, ""y1"": 2158.93, ""x2"": 1936.39, ""y2"": 3226.4, ""confidence"": 0.6925, ""class_id"": 0, ""class_name"": ""person""}, {""x1"": 1834.17, ""y1"": 2128.91, ""x2"": 2045.29, ""y2"": 3006.7, ""confidence"": 0.5557, ""class_id"": 0, ""class_name"": ""person""}]"
crowd_city_20260611_013614,camera_01,data\video\crowd_city.mp4,115,2026-06-11T01:37:01,2026-06-11T01:37:01,2160,3840,7,98.31,output\experiments\crowd_city_20260611_013614\annotated_frames\camera_01_frame_000115.jpg,"[{""x1"": 239.1, ""y1"": 1947.07, ""x2"": 922.33, ""y2"": 3840.0, ""confidence"": 0.8846, ""class_id"": 0, ""class_name"": ""person""}, {""x1"": 820.05, ""y1"": 2166.72, ""x2"": 1346.55, ""y2"": 3840.0, ""confidence"": 0.8661, ""class_id"": 0, ""class_name"": ""person""}, {""x1"": 10.19, ""y1"": 2141.69, ""x2"": 401.26, ""y2"": 3838.97, ""confidence"": 0.8659, ""class_id"": 0, ""class_name"": ""person""}, {""x1"": 1664.7, ""y1"": 2788.76, ""x2"": 2160.0, ""y2"": 3837.13, ""confidence"": 0.7488, ""class_id"": 0, ""class_name"": ""person""}, {""x1"": 1323.53, ""y1"": 2132.45, ""x2"": 1707.68, ""y2"": 3270.36, ""confidence"": 0.7103, ""class_id"": 0, ""class_name"": ""person""}, {""x1"": 1604.68, ""y1"": 2164.18, ""x2"": 1931.2, ""y2"": 3225.1, ""confidence"": 0.6413, ""class_id"": 0, ""class_name"": ""person""}, {""x1"": 1835.7, ""y1"": 2128.38, ""x2"": 2043.81, ""y2"": 3010.48, ""confidence"": 0.4974, ""class_id"": 0, ""class_name"": ""person""}]"
crowd_city_20260611_013614,camera_01,data\video\crowd_city.mp4,116,2026-06-11T01:37:01,2026-06-11T01:37:01,2160,3840,7,108.05,output\experiments\crowd_city_20260611_013614\annotated_frames\camera_01_frame_000116.jpg,"[{""x1"": 233.98, ""y1"": 1971.92, ""x2"": 922.04, ""y2"": 3840.0, ""confidence"": 0.8925, ""class_id"": 0, ""class_name"": ""person""}, {""x1"": 818.39, ""y1"": 2171.52, ""x2"": 1344.58, ""y2"": 3840.0, ""confidence"": 0.8648, ""class_id"": 0, ""class_name"": ""person""}, {""x1"": 11.26, ""y1"": 2113.03, ""x2"": 397.33, ""y2"": 3839.44, ""confidence"": 0.8593, ""class_id"": 0, ""class_name"": ""person""}, {""x1"": 1652.32, ""y1"": 2805.53, ""x2"": 2160.0, ""y2"": 3837.52, ""confidence"": 0.7941, ""class_id"": 0, ""class_name"": ""person""}, {""x1"": 1323.51, ""y1"": 2139.92, ""x2"": 1707.8, ""y2"": 3267.42, ""confidence"": 0.731, ""class_id"": 0, ""class_name"": ""person""}, {""x1"": 1609.62, ""y1"": 2167.55, ""x2"": 1931.61, ""y2"": 3220.74, ""confidence"": 0.6285, ""class_id"": 0, ""class_name"": ""person""}, {""x1"": 1836.79, ""y1"": 2127.31, ""x2"": 2042.04, ""y2"": 3002.62, ""confidence"": 0.5309, ""class_id"": 0, ""class_name"": ""person""}]"
crowd_city_20260611_013614,camera_01,data\video\crowd_city.mp4,117,2026-06-11T01:37:01,2026-06-11T01:37:01,2160,3840,7,104.72,output\experiments\crowd_city_20260611_013614\annotated_frames\camera_01_frame_000117.jpg,"[{""x1"": 230.76, ""y1"": 1981.35, ""x2"": 925.21, ""y2"": 3840.0, ""confidence"": 0.8973, ""class_id"": 0, ""class_name"": ""person""}, {""x1"": 823.56, ""y1"": 2175.83, ""x2"": 1346.02, ""y2"": 3840.0, ""confidence"": 0.873, ""class_id"": 0, ""class_name"": ""person""}, {""x1"": 12.44, ""y1"": 2120.05, ""x2"": 394.01, ""y2"": 3839.74, ""confidence"": 0.8521, ""class_id"": 0, ""class_name"": ""person""}, {""x1"": 1630.16, ""y1"": 2815.33, ""x2"": 2160.0, ""y2"": 3837.52, ""confidence"": 0.7601, ""class_id"": 0, ""class_name"": ""person""}, {""x1"": 1317.01, ""y1"": 2141.08, ""x2"": 1707.25, ""y2"": 3268.43, ""confidence"": 0.7319, ""class_id"": 0, ""class_name"": ""person""}, {""x1"": 1607.01, ""y1"": 2168.75, ""x2"": 1930.13, ""y2"": 3228.23, ""confidence"": 0.6497, ""class_id"": 0, ""class_name"": ""person""}, {""x1"": 1835.51, ""y1"": 2126.95, ""x2"": 2039.14, ""y2"": 3002.59, ""confidence"": 0.5285, ""class_id"": 0, ""class_name"": ""person""}]"
crowd_city_20260611_013614,camera_01,data\video\crowd_city.mp4,118,2026-06-11T01:37:01,2026-06-11T01:37:02,2160,3840,7,119.42,output\experiments\crowd_city_20260611_013614\annotated_frames\camera_01_frame_000118.jpg,"[{""x1"": 227.22, ""y1"": 1983.83, ""x2"": 928.4, ""y2"": 3840.0, ""confidence"": 0.8897, ""class_id"": 0, ""class_name"": ""person""}, {""x1"": 822.34, ""y1"": 2184.22, ""x2"": 1345.34, ""y2"": 3840.0, ""confidence"": 0.8763, ""class_id"": 0, ""class_name"": ""person""}, {""x1"": 12.38, ""y1"": 2108.66, ""x2"": 390.84, ""y2"": 3839.92, ""confidence"": 0.8403, ""class_id"": 0, ""class_name"": ""person""}, {""x1"": 1616.47, ""y1"": 2830.94, ""x2"": 2159.91, ""y2"": 3837.61, ""confidence"": 0.8087, ""class_id"": 0, ""class_name"": ""person""}, {""x1"": 1322.5, ""y1"": 2145.9, ""x2"": 1709.07, ""y2"": 3280.13, ""confidence"": 0.7599, ""class_id"": 0, ""class_name"": ""person""}, {""x1"": 1613.84, ""y1"": 2163.88, ""x2"": 1923.25, ""y2"": 3225.18, ""confidence"": 0.6437, ""class_id"": 0, ""class_name"": ""person""}, {""x1"": 1836.93, ""y1"": 2132.55, ""x2"": 2043.48, ""y2"": 3001.11, ""confidence"": 0.5069, ""class_id"": 0, ""class_name"": ""person""}]"
crowd_city_20260611_013614,camera_01,data\video\crowd_city.mp4,119,2026-06-11T01:37:02,2026-06-11T01:37:02,2160,3840,7,137.08,output\experiments\crowd_city_20260611_013614\annotated_frames\camera_01_frame_000119.jpg,"[{""x1"": 218.32, ""y1"": 1984.07, ""x2"": 929.32, ""y2"": 3840.0, ""confidence"": 0.8908, ""class_id"": 0, ""class_name"": ""person""}, {""x1"": 821.08, ""y1"": 2190.54, ""x2"": 1344.35, ""y2"": 3840.0, ""confidence"": 0.8732, ""class_id"": 0, ""class_name"": ""person""}, {""x1"": 6.6, ""y1"": 2120.91, ""x2"": 385.82, ""y2"": 3837.21, ""confidence"": 0.824, ""class_id"": 0, ""class_name"": ""person""}, {""x1"": 1609.91, ""y1"": 2829.03, ""x2"": 2159.37, ""y2"": 3837.52, ""confidence"": 0.7767, ""class_id"": 0, ""class_name"": ""person""}, {""x1"": 1321.54, ""y1"": 2152.62, ""x2"": 1710.6, ""y2"": 3272.9, ""confidence"": 0.7458, ""class_id"": 0, ""class_name"": ""person""}, {""x1"": 1610.04, ""y1"": 2167.12, ""x2"": 1913.79, ""y2"": 3220.07, ""confidence"": 0.6422, ""class_id"": 0, ""class_name"": ""person""}, {""x1"": 1835.43, ""y1"": 2135.02, ""x2"": 2042.57, ""y2"": 2993.2, ""confidence"": 0.473, ""class_id"": 0, ""class_name"": ""person""}]"
crowd_city_20260611_013614,camera_01,data\video\crowd_city.mp4,120,2026-06-11T01:37:02,2026-06-11T01:37:02,2160,3840,7,128.54,output\experiments\crowd_city_20260611_013614\annotated_frames\camera_01_frame_000120.jpg,"[{""x1"": 819.73, ""y1"": 2196.11, ""x2"": 1346.94, ""y2"": 3840.0, ""confidence"": 0.8762, ""class_id"": 0, ""class_name"": ""person""}, {""x1"": 216.11, ""y1"": 1992.43, ""x2"": 931.13, ""y2"": 3840.0, ""confidence"": 0.8714, ""class_id"": 0, ""class_name"": ""person""}, {""x1"": 13.66, ""y1"": 2119.38, ""x2"": 377.2, ""y2"": 3840.0, ""confidence"": 0.8082, ""class_id"": 0, ""class_name"": ""person""}, {""x1"": 1315.54, ""y1"": 2153.46, ""x2"": 1712.46, ""y2"": 3274.55, ""confidence"": 0.7358, ""class_id"": 0, ""class_name"": ""person""}, {""x1"": 1587.2, ""y1"": 2826.63, ""x2"": 2158.36, ""y2"": 3837.43, ""confidence"": 0.6873, ""class_id"": 0, ""class_name"": ""person""}, {""x1"": 1615.23, ""y1"": 2158.39, ""x2"": 1911.09, ""y2"": 3223.06, ""confidence"": 0.6394, ""class_id"": 0, ""class_name"": ""person""}, {""x1"": 1834.08, ""y1"": 2133.34, ""x2"": 2040.12, ""y2"": 2992.49, ""confidence"": 0.4224, ""class_id"": 0, ""class_name"": ""person""}]"
crowd_city_20260611_013614,camera_01,data\video\crowd_city.mp4,121,2026-06-11T01:37:02,2026-06-11T01:37:03,2160,3840,7,130.42,output\experiments\crowd_city_20260611_013614\annotated_frames\camera_01_frame_000121.jpg,"[{""x1"": 823.32, ""y1"": 2199.05, ""x2"": 1348.66, ""y2"": 3840.0, ""confidence"": 0.8888, ""class_id"": 0, ""class_name"": ""person""}, {""x1"": 224.31, ""y1"": 2002.99, ""x2"": 930.84, ""y2"": 3840.0, ""confidence"": 0.8754, ""class_id"": 0, ""class_name"": ""person""}, {""x1"": 13.19, ""y1"": 2127.17, ""x2"": 368.91, ""y2"": 3839.35, ""confidence"": 0.8116, ""class_id"": 0, ""class_name"": ""person""}, {""x1"": 1316.0, ""y1"": 2156.34, ""x2"": 1713.74, ""y2"": 3282.15, ""confidence"": 0.7452, ""class_id"": 0, ""class_name"": ""person""}, {""x1"": 1565.52, ""y1"": 2814.1, ""x2"": 2158.91, ""y2"": 3837.7, ""confidence"": 0.7449, ""class_id"": 0, ""class_name"": ""person""}, {""x1"": 1611.58, ""y1"": 2159.53, ""x2"": 1906.4, ""y2"": 3213.69, ""confidence"": 0.6273, ""class_id"": 0, ""class_name"": ""person""}, {""x1"": 1834.95, ""y1"": 2134.37, ""x2"": 2041.73, ""y2"": 2977.13, ""confidence"": 0.4755, ""class_id"": 0, ""class_name"": ""person""}]"
crowd_city_20260611_013614,camera_01,data\video\crowd_city.mp4,122,2026-06-11T01:37:03,2026-06-11T01:37:03,2160,3840,7,130.63,output\experiments\crowd_city_20260611_013614\annotated_frames\camera_01_frame_000122.jpg,"[{""x1"": 825.96, ""y1"": 2198.19, ""x2"": 1347.97, ""y2"": 3840.0, ""confidence"": 0.8911, ""class_id"": 0, ""class_name"": ""person""}, {""x1"": 217.38, ""y1"": 2010.14, ""x2"": 934.01, ""y2"": 3840.0, ""confidence"": 0.8815, ""class_id"": 0, ""class_name"": ""person""}, {""x1"": 8.29, ""y1"": 2126.81, ""x2"": 363.82, ""y2"": 3837.84, ""confidence"": 0.8224, ""class_id"": 0, ""class_name"": ""person""}, {""x1"": 1317.66, ""y1"": 2148.62, ""x2"": 1717.6, ""y2"": 3281.71, ""confidence"": 0.7805, ""class_id"": 0, ""class_name"": ""person""}, {""x1"": 1549.8, ""y1"": 2794.6, ""x2"": 2159.63, ""y2"": 3837.7, ""confidence"": 0.7728, ""class_id"": 0, ""class_name"": ""person""}, {""x1"": 1610.04, ""y1"": 2162.45, ""x2"": 1905.26, ""y2"": 3209.22, ""confidence"": 0.6871, ""class_id"": 0, ""class_name"": ""person""}, {""x1"": 1832.0, ""y1"": 2134.97, ""x2"": 2036.91, ""y2"": 2929.0, ""confidence"": 0.5527, ""class_id"": 0, ""class_name"": ""person""}]"
crowd_city_20260611_013614,camera_01,data\video\crowd_city.mp4,123,2026-06-11T01:37:03,2026-06-11T01:37:03,2160,3840,7,121.53,output\experiments\crowd_city_20260611_013614\annotated_frames\camera_01_frame_000123.jpg,"[{""x1"": 823.52, ""y1"": 2204.89, ""x2"": 1349.39, ""y2"": 3840.0, ""confidence"": 0.8933, ""class_id"": 0, ""class_name"": ""person""}, {""x1"": 214.21, ""y1"": 2007.24, ""x2"": 934.33, ""y2"": 3840.0, ""confidence"": 0.882, ""class_id"": 0, ""class_name"": ""person""}, {""x1"": 9.93, ""y1"": 2131.08, ""x2"": 352.69, ""y2"": 3837.42, ""confidence"": 0.8269, ""class_id"": 0, ""class_name"": ""person""}, {""x1"": 1541.97, ""y1"": 2766.29, ""x2"": 2158.82, ""y2"": 3837.8, ""confidence"": 0.7863, ""class_id"": 0, ""class_name"": ""person""}, {""x1"": 1315.74, ""y1"": 2152.2, ""x2"": 1721.92, ""y2"": 3278.51, ""confidence"": 0.7741, ""class_id"": 0, ""class_name"": ""person""}, {""x1"": 1606.61, ""y1"": 2161.86, ""x2"": 1901.57, ""y2"": 3166.48, ""confidence"": 0.6356, ""class_id"": 0, ""class_name"": ""person""}, {""x1"": 1826.97, ""y1"": 2137.67, ""x2"": 2034.73, ""y2"": 2908.84, ""confidence"": 0.5113, ""class_id"": 0, ""class_name"": ""person""}]"
crowd_city_20260611_013614,camera_01,data\video\crowd_city.mp4,124,2026-06-11T01:37:03,2026-06-11T01:37:03,2160,3840,7,131.85,output\experiments\crowd_city_20260611_013614\annotated_frames\camera_01_frame_000124.jpg,"[{""x1"": 820.18, ""y1"": 2210.56, ""x2"": 1358.66, ""y2"": 3840.0, ""confidence"": 0.8947, ""class_id"": 0, ""class_name"": ""person""}, {""x1"": 212.46, ""y1"": 2008.57, ""x2"": 938.62, ""y2"": 3840.0, ""confidence"": 0.8759, ""class_id"": 0, ""class_name"": ""person""}, {""x1"": 15.77, ""y1"": 2137.73, ""x2"": 346.09, ""y2"": 3839.37, ""confidence"": 0.8092, ""class_id"": 0, ""class_name"": ""person""}, {""x1"": 1314.02, ""y1"": 2145.24, ""x2"": 1723.85, ""y2"": 3281.69, ""confidence"": 0.7547, ""class_id"": 0, ""class_name"": ""person""}, {""x1"": 1518.75, ""y1"": 2751.43, ""x2"": 2157.74, ""y2"": 3837.8, ""confidence"": 0.7415, ""class_id"": 0, ""class_name"": ""person""}, {""x1"": 1604.28, ""y1"": 2157.88, ""x2"": 1901.46, ""y2"": 3129.29, ""confidence"": 0.5694, ""class_id"": 0, ""class_name"": ""person""}, {""x1"": 1815.46, ""y1"": 2139.04, ""x2"": 2030.73, ""y2"": 2901.42, ""confidence"": 0.4321, ""class_id"": 0, ""class_name"": ""person""}]"
crowd_city_20260611_013614,camera_01,data\video\crowd_city.mp4,125,2026-06-11T01:37:03,2026-06-11T01:37:04,2160,3840,6,134.58,output\experiments\crowd_city_20260611_013614\annotated_frames\camera_01_frame_000125.jpg,"[{""x1"": 820.51, ""y1"": 2203.7, ""x2"": 1359.45, ""y2"": 3840.0, ""confidence"": 0.9017, ""class_id"": 0, ""class_name"": ""person""}, {""x1"": 204.02, ""y1"": 2011.0, ""x2"": 943.58, ""y2"": 3840.0, ""confidence"": 0.8846, ""class_id"": 0, ""class_name"": ""person""}, {""x1"": 1493.43, ""y1"": 1895.14, ""x2"": 2156.72, ""y2"": 3837.27, ""confidence"": 0.8736, ""class_id"": 0, ""class_name"": ""person""}, {""x1"": 13.78, ""y1"": 2145.39, ""x2"": 341.87, ""y2"": 3839.21, ""confidence"": 0.7964, ""class_id"": 0, ""class_name"": ""person""}, {""x1"": 1313.16, ""y1"": 2147.96, ""x2"": 1727.22, ""y2"": 3287.08, ""confidence"": 0.7585, ""class_id"": 0, ""class_name"": ""person""}, {""x1"": 1598.73, ""y1"": 2155.93, ""x2"": 1902.94, ""y2"": 3088.87, ""confidence"": 0.5286, ""class_id"": 0, ""class_name"": ""person""}]"
crowd_city_20260611_013614,camera_01,data\video\crowd_city.mp4,126,2026-06-11T01:37:04,2026-06-11T01:37:04,2160,3840,6,121.87,output\experiments\crowd_city_20260611_013614\annotated_frames\camera_01_frame_000126.jpg,"[{""x1"": 1479.38, ""y1"": 1863.3, ""x2"": 2160.0, ""y2"": 3837.74, ""confidence"": 0.9048, ""class_id"": 0, ""class_name"": ""person""}, {""x1"": 818.01, ""y1"": 2206.07, ""x2"": 1359.2, ""y2"": 3840.0, ""confidence"": 0.8882, ""class_id"": 0, ""class_name"": ""person""}, {""x1"": 200.07, ""y1"": 2011.14, ""x2"": 947.55, ""y2"": 3840.0, ""confidence"": 0.8828, ""class_id"": 0, ""class_name"": ""person""}, {""x1"": 13.23, ""y1"": 2144.21, ""x2"": 336.35, ""y2"": 3838.78, ""confidence"": 0.7633, ""class_id"": 0, ""class_name"": ""person""}, {""x1"": 1309.71, ""y1"": 2149.99, ""x2"": 1721.22, ""y2"": 3265.65, ""confidence"": 0.7527, ""class_id"": 0, ""class_name"": ""person""}, {""x1"": 1599.16, ""y1"": 2156.93, ""x2"": 1902.38, ""y2"": 2968.26, ""confidence"": 0.4508, ""class_id"": 0, ""class_name"": ""person""}]"
crowd_city_20260611_013614,camera_01,data\video\crowd_city.mp4,127,2026-06-11T01:37:04,2026-06-11T01:37:04,2160,3840,7,121.28,output\experiments\crowd_city_20260611_013614\annotated_frames\camera_01_frame_000127.jpg,"[{""x1"": 1450.87, ""y1"": 1839.83, ""x2"": 2159.63, ""y2"": 3838.49, ""confidence"": 0.9119, ""class_id"": 0, ""class_name"": ""person""}, {""x1"": 815.38, ""y1"": 2206.74, ""x2"": 1365.61, ""y2"": 3840.0, ""confidence"": 0.8765, ""class_id"": 0, ""class_name"": ""person""}, {""x1"": 190.82, ""y1"": 2014.66, ""x2"": 946.77, ""y2"": 3840.0, ""confidence"": 0.8596, ""class_id"": 0, ""class_name"": ""person""}, {""x1"": 1315.5, ""y1"": 2151.53, ""x2"": 1725.41, ""y2"": 3235.14, ""confidence"": 0.757, ""class_id"": 0, ""class_name"": ""person""}, {""x1"": 9.49, ""y1"": 2148.64, ""x2"": 321.75, ""y2"": 3835.26, ""confidence"": 0.7374, ""class_id"": 0, ""class_name"": ""person""}, {""x1"": 1591.8, ""y1"": 2162.98, ""x2"": 1902.47, ""y2"": 2899.42, ""confidence"": 0.5161, ""class_id"": 0, ""class_name"": ""person""}, {""x1"": 1189.17, ""y1"": 2037.16, ""x2"": 1344.42, ""y2"": 2362.91, ""confidence"": 0.2734, ""class_id"": 0, ""class_name"": ""person""}]"
crowd_city_20260611_013614,camera_01,data\video\crowd_city.mp4,128,2026-06-11T01:37:04,2026-06-11T01:37:05,2160,3840,6,116.55,output\experiments\crowd_city_20260611_013614\annotated_frames\camera_01_frame_000128.jpg,"[{""x1"": 1422.48, ""y1"": 1820.87, ""x2"": 2160.0, ""y2"": 3838.74, ""confidence"": 0.9181, ""class_id"": 0, ""class_name"": ""person""}, {""x1"": 811.47, ""y1"": 2206.52, ""x2"": 1370.18, ""y2"": 3840.0, ""confidence"": 0.8812, ""class_id"": 0, ""class_name"": ""person""}, {""x1"": 179.72, ""y1"": 2011.3, ""x2"": 947.58, ""y2"": 3840.0, ""confidence"": 0.8588, ""class_id"": 0, ""class_name"": ""person""}, {""x1"": 1314.71, ""y1"": 2144.36, ""x2"": 1732.92, ""y2"": 3218.37, ""confidence"": 0.7685, ""class_id"": 0, ""class_name"": ""person""}, {""x1"": 9.4, ""y1"": 2145.02, ""x2"": 316.27, ""y2"": 3835.73, ""confidence"": 0.7358, ""class_id"": 0, ""class_name"": ""person""}, {""x1"": 1588.6, ""y1"": 2161.95, ""x2"": 1907.07, ""y2"": 2836.09, ""confidence"": 0.3422, ""class_id"": 0, ""class_name"": ""person""}]"
crowd_city_20260611_013614,camera_01,data\video\crowd_city.mp4,129,2026-06-11T01:37:05,2026-06-11T01:37:05,2160,3840,5,122.55,output\experiments\crowd_city_20260611_013614\annotated_frames\camera_01_frame_000129.jpg,"[{""x1"": 1399.49, ""y1"": 1805.35, ""x2"": 2159.18, ""y2"": 3838.18, ""confidence"": 0.9135, ""class_id"": 0, ""class_name"": ""person""}, {""x1"": 810.32, ""y1"": 2216.99, ""x2"": 1375.65, ""y2"": 3839.4, ""confidence"": 0.8687, ""class_id"": 0, ""class_name"": ""person""}, {""x1"": 169.05, ""y1"": 2008.38, ""x2"": 948.45, ""y2"": 3840.0, ""confidence"": 0.8534, ""class_id"": 0, ""class_name"": ""person""}, {""x1"": 1314.94, ""y1"": 2136.02, ""x2"": 1739.38, ""y2"": 3194.18, ""confidence"": 0.7412, ""class_id"": 0, ""class_name"": ""person""}, {""x1"": 8.29, ""y1"": 2144.71, ""x2"": 308.88, ""y2"": 3835.61, ""confidence"": 0.704, ""class_id"": 0, ""class_name"": ""person""}]"
crowd_city_20260611_013614,camera_01,data\video\crowd_city.mp4,130,2026-06-11T01:37:05,2026-06-11T01:37:05,2160,3840,5,130.21,output\experiments\crowd_city_20260611_013614\annotated_frames\camera_01_frame_000130.jpg,"[{""x1"": 1376.31, ""y1"": 1787.33, ""x2"": 2155.41, ""y2"": 3835.8, ""confidence"": 0.9158, ""class_id"": 0, ""class_name"": ""person""}, {""x1"": 812.54, ""y1"": 2209.18, ""x2"": 1363.52, ""y2"": 3840.0, ""confidence"": 0.8668, ""class_id"": 0, ""class_name"": ""person""}, {""x1"": 172.78, ""y1"": 1994.9, ""x2"": 951.29, ""y2"": 3840.0, ""confidence"": 0.8536, ""class_id"": 0, ""class_name"": ""person""}, {""x1"": 1313.86, ""y1"": 2136.33, ""x2"": 1737.88, ""y2"": 3133.56, ""confidence"": 0.732, ""class_id"": 0, ""class_name"": ""person""}, {""x1"": 5.61, ""y1"": 2138.54, ""x2"": 302.91, ""y2"": 3837.12, ""confidence"": 0.676, ""class_id"": 0, ""class_name"": ""person""}]"
crowd_city_20260611_013614,camera_01,data\video\crowd_city.mp4,131,2026-06-11T01:37:05,2026-06-11T01:37:05,2160,3840,5,113.26,output\experiments\crowd_city_20260611_013614\annotated_frames\camera_01_frame_000131.jpg,"[{""x1"": 1351.78, ""y1"": 1761.41, ""x2"": 2155.18, ""y2"": 3835.17, ""confidence"": 0.9238, ""class_id"": 0, ""class_name"": ""person""}, {""x1"": 811.67, ""y1"": 2207.28, ""x2"": 1366.36, ""y2"": 3839.74, ""confidence"": 0.863, ""class_id"": 0, ""class_name"": ""person""}, {""x1"": 167.26, ""y1"": 2001.27, ""x2"": 944.66, ""y2"": 3840.0, ""confidence"": 0.8558, ""class_id"": 0, ""class_name"": ""person""}, {""x1"": 1312.67, ""y1"": 2118.83, ""x2"": 1735.75, ""y2"": 3049.08, ""confidence"": 0.6436, ""class_id"": 0, ""class_name"": ""person""}, {""x1"": 10.73, ""y1"": 2144.2, ""x2"": 293.57, ""y2"": 3836.0, ""confidence"": 0.5704, ""class_id"": 0, ""class_name"": ""person""}]"
crowd_city_20260611_013614,camera_01,data\video\crowd_city.mp4,132,2026-06-11T01:37:06,2026-06-11T01:37:06,2160,3840,5,89.17,output\experiments\crowd_city_20260611_013614\annotated_frames\camera_01_frame_000132.jpg,"[{""x1"": 1329.12, ""y1"": 1744.49, ""x2"": 2156.34, ""y2"": 3836.52, ""confidence"": 0.9245, ""class_id"": 0, ""class_name"": ""person""}, {""x1"": 816.32, ""y1"": 2199.22, ""x2"": 1359.27, ""y2"": 3837.74, ""confidence"": 0.8659, ""class_id"": 0, ""class_name"": ""person""}, {""x1"": 164.33, ""y1"": 1999.95, ""x2"": 944.81, ""y2"": 3840.0, ""confidence"": 0.8593, ""class_id"": 0, ""class_name"": ""person""}, {""x1"": 1314.13, ""y1"": 2152.94, ""x2"": 1610.18, ""y2"": 2926.15, ""confidence"": 0.5366, ""class_id"": 0, ""class_name"": ""person""}, {""x1"": 11.44, ""y1"": 2145.53, ""x2"": 284.14, ""y2"": 3836.7, ""confidence"": 0.4056, ""class_id"": 0, ""class_name"": ""person""}]"
crowd_city_20260611_013614,camera_01,data\video\crowd_city.mp4,133,2026-06-11T01:37:06,2026-06-11T01:37:06,2160,3840,4,90.04,output\experiments\crowd_city_20260611_013614\annotated_frames\camera_01_frame_000133.jpg,"[{""x1"": 1293.73, ""y1"": 1734.05, ""x2"": 2156.14, ""y2"": 3836.53, ""confidence"": 0.9204, ""class_id"": 0, ""class_name"": ""person""}, {""x1"": 152.23, ""y1"": 1999.62, ""x2"": 943.25, ""y2"": 3840.0, ""confidence"": 0.879, ""class_id"": 0, ""class_name"": ""person""}, {""x1"": 820.67, ""y1"": 2202.94, ""x2"": 1365.09, ""y2"": 3838.06, ""confidence"": 0.8785, ""class_id"": 0, ""class_name"": ""person""}, {""x1"": 12.75, ""y1"": 2131.96, ""x2"": 273.93, ""y2"": 3838.3, ""confidence"": 0.373, ""class_id"": 0, ""class_name"": ""person""}]"
crowd_city_20260611_013614,camera_01,data\video\crowd_city.mp4,134,2026-06-11T01:37:06,2026-06-11T01:37:06,2160,3840,4,86.0,output\experiments\crowd_city_20260611_013614\annotated_frames\camera_01_frame_000134.jpg,"[{""x1"": 1262.14, ""y1"": 1727.19, ""x2"": 2154.04, ""y2"": 3836.8, ""confidence"": 0.9116, ""class_id"": 0, ""class_name"": ""person""}, {""x1"": 137.12, ""y1"": 1997.02, ""x2"": 942.21, ""y2"": 3840.0, ""confidence"": 0.8975, ""class_id"": 0, ""class_name"": ""person""}, {""x1"": 820.99, ""y1"": 2202.81, ""x2"": 1380.36, ""y2"": 3838.21, ""confidence"": 0.8824, ""class_id"": 0, ""class_name"": ""person""}, {""x1"": 11.18, ""y1"": 2139.52, ""x2"": 259.2, ""y2"": 3837.25, ""confidence"": 0.3396, ""class_id"": 0, ""class_name"": ""person""}]"
crowd_city_20260611_013614,camera_01,data\video\crowd_city.mp4,135,2026-06-11T01:37:06,2026-06-11T01:37:06,2160,3840,5,84.19,output\experiments\crowd_city_20260611_013614\annotated_frames\camera_01_frame_000135.jpg,"[{""x1"": 131.35, ""y1"": 1983.11, ""x2"": 943.06, ""y2"": 3839.53, ""confidence"": 0.9093, ""class_id"": 0, ""class_name"": ""person""}, {""x1"": 1218.51, ""y1"": 1717.59, ""x2"": 2158.02, ""y2"": 3838.43, ""confidence"": 0.9059, ""class_id"": 0, ""class_name"": ""person""}, {""x1"": 814.93, ""y1"": 2215.46, ""x2"": 1376.0, ""y2"": 3840.0, ""confidence"": 0.8812, ""class_id"": 0, ""class_name"": ""person""}, {""x1"": 9.84, ""y1"": 2130.12, ""x2"": 256.72, ""y2"": 3837.45, ""confidence"": 0.3331, ""class_id"": 0, ""class_name"": ""person""}, {""x1"": 0.02, ""y1"": 2122.73, ""x2"": 273.18, ""y2"": 2728.73, ""confidence"": 0.314, ""class_id"": 0, ""class_name"": ""person""}]"
crowd_city_20260611_013614,camera_01,data\video\crowd_city.mp4,136,2026-06-11T01:37:07,2026-06-11T01:37:07,2160,3840,4,130.32,output\experiments\crowd_city_20260611_013614\annotated_frames\camera_01_frame_000136.jpg,"[{""x1"": 119.73, ""y1"": 1974.96, ""x2"": 941.2, ""y2"": 3839.28, ""confidence"": 0.9293, ""class_id"": 0, ""class_name"": ""person""}, {""x1"": 1097.25, ""y1"": 1720.92, ""x2"": 2151.38, ""y2"": 3838.69, ""confidence"": 0.8873, ""class_id"": 0, ""class_name"": ""person""}, {""x1"": 808.96, ""y1"": 2195.98, ""x2"": 1352.52, ""y2"": 3840.0, ""confidence"": 0.8827, ""class_id"": 0, ""class_name"": ""person""}, {""x1"": 23.15, ""y1"": 2110.97, ""x2"": 272.0, ""y2"": 3837.96, ""confidence"": 0.4226, ""class_id"": 0, ""class_name"": ""person""}]"
crowd_city_20260611_013614,camera_01,data\video\crowd_city.mp4,137,2026-06-11T01:37:07,2026-06-11T01:37:07,2160,3840,5,141.04,output\experiments\crowd_city_20260611_013614\annotated_frames\camera_01_frame_000137.jpg,"[{""x1"": 112.49, ""y1"": 1971.79, ""x2"": 937.27, ""y2"": 3838.89, ""confidence"": 0.9319, ""class_id"": 0, ""class_name"": ""person""}, {""x1"": 1044.21, ""y1"": 1721.55, ""x2"": 2152.85, ""y2"": 3836.61, ""confidence"": 0.9018, ""class_id"": 0, ""class_name"": ""person""}, {""x1"": 804.9, ""y1"": 2191.58, ""x2"": 1253.65, ""y2"": 3840.0, ""confidence"": 0.8657, ""class_id"": 0, ""class_name"": ""person""}, {""x1"": 19.84, ""y1"": 2124.36, ""x2"": 278.75, ""y2"": 3834.34, ""confidence"": 0.5456, ""class_id"": 0, ""class_name"": ""person""}, {""x1"": 604.3, ""y1"": 2001.53, ""x2"": 759.87, ""y2"": 2255.83, ""confidence"": 0.3233, ""class_id"": 0, ""class_name"": ""person""}]"
crowd_city_20260611_013614,camera_01,data\video\crowd_city.mp4,138,2026-06-11T01:37:07,2026-06-11T01:37:07,2160,3840,11,127.95,output\experiments\crowd_city_20260611_013614\annotated_frames\camera_01_frame_000138.jpg,"[{""x1"": 110.18, ""y1"": 1968.68, ""x2"": 932.78, ""y2"": 3838.23, ""confidence"": 0.9353, ""class_id"": 0, ""class_name"": ""person""}, {""x1"": 976.06, ""y1"": 1737.99, ""x2"": 2152.21, ""y2"": 3835.6, ""confidence"": 0.8759, ""class_id"": 0, ""class_name"": ""person""}, {""x1"": 810.79, ""y1"": 2182.08, ""x2"": 1185.81, ""y2"": 3834.99, ""confidence"": 0.8329, ""class_id"": 0, ""class_name"": ""person""}, {""x1"": 19.44, ""y1"": 2123.91, ""x2"": 284.16, ""y2"": 3830.57, ""confidence"": 0.6436, ""class_id"": 0, ""class_name"": ""person""}, {""x1"": 1921.43, ""y1"": 1963.73, ""x2"": 2068.42, ""y2"": 2333.55, ""confidence"": 0.4889, ""class_id"": 0, ""class_name"": ""person""}, {""x1"": 2017.96, ""y1"": 2213.3, ""x2"": 2155.09, ""y2"": 2785.33, ""confidence"": 0.4485, ""class_id"": 0, ""class_name"": ""person""}, {""x1"": 604.2, ""y1"": 2003.3, ""x2"": 755.65, ""y2"": 2245.08, ""confidence"": 0.4327, ""class_id"": 0, ""class_name"": ""person""}, {""x1"": 1876.55, ""y1"": 2163.52, ""x2"": 2036.59, ""y2"": 2742.6, ""confidence"": 0.3252, ""class_id"": 0, ""class_name"": ""person""}, {""x1"": 2069.39, ""y1"": 1981.31, ""x2"": 2158.72, ""y2"": 2327.94, ""confidence"": 0.3131, ""class_id"": 0, ""class_name"": ""person""}, {""x1"": 182.66, ""y1"": 1981.08, ""x2"": 293.19, ""y2"": 2218.65, ""confidence"": 0.2697, ""class_id"": 0, ""class_name"": ""person""}, {""x1"": 17.24, ""y1"": 1845.47, ""x2"": 173.66, ""y2"": 2172.1, ""confidence"": 0.2613, ""class_id"": 0, ""class_name"": ""person""}]"
crowd_city_20260611_013614,camera_01,data\video\crowd_city.mp4,139,2026-06-11T01:37:07,2026-06-11T01:37:08,2160,3840,12,133.31,output\experiments\crowd_city_20260611_013614\annotated_frames\camera_01_frame_000139.jpg,"[{""x1"": 95.78, ""y1"": 1962.49, ""x2"": 926.75, ""y2"": 3838.85, ""confidence"": 0.9449, ""class_id"": 0, ""class_name"": ""person""}, {""x1"": 853.34, ""y1"": 1743.76, ""x2"": 2156.9, ""y2"": 3839.0, ""confidence"": 0.9272, ""class_id"": 0, ""class_name"": ""person""}, {""x1"": 1823.01, ""y1"": 2148.05, ""x2"": 2033.17, ""y2"": 2776.3, ""confidence"": 0.7825, ""class_id"": 0, ""class_name"": ""person""}, {""x1"": 2020.23, ""y1"": 2209.16, ""x2"": 2159.26, ""y2"": 2824.59, ""confidence"": 0.5782, ""class_id"": 0, ""class_name"": ""person""}, {""x1"": 24.58, ""y1"": 2116.13, ""x2"": 275.12, ""y2"": 3828.27, ""confidence"": 0.5553, ""class_id"": 0, ""class_name"": ""person""}, {""x1"": 1919.32, ""y1"": 1967.5, ""x2"": 2053.28, ""y2"": 2303.08, ""confidence"": 0.4954, ""class_id"": 0, ""class_name"": ""person""}, {""x1"": 601.26, ""y1"": 2005.0, ""x2"": 760.88, ""y2"": 2256.65, ""confidence"": 0.3724, ""class_id"": 0, ""class_name"": ""person""}, {""x1"": 1.41, ""y1"": 2116.18, ""x2"": 270.96, ""y2"": 2793.44, ""confidence"": 0.3664, ""class_id"": 0, ""class_name"": ""person""}, {""x1"": 6.54, ""y1"": 2644.81, ""x2"": 203.76, ""y2"": 3837.19, ""confidence"": 0.3323, ""class_id"": 0, ""class_name"": ""person""}, {""x1"": 177.87, ""y1"": 1981.95, ""x2"": 290.87, ""y2"": 2234.02, ""confidence"": 0.3163, ""class_id"": 0, ""class_name"": ""person""}, {""x1"": 2059.81, ""y1"": 1982.15, ""x2"": 2160.0, ""y2"": 2324.23, ""confidence"": 0.3014, ""class_id"": 0, ""class_name"": ""person""}, {""x1"": 14.61, ""y1"": 1845.56, ""x2"": 169.77, ""y2"": 2167.77, ""confidence"": 0.2891, ""class_id"": 0, ""class_name"": ""person""}]"
crowd_city_20260611_013614,camera_01,data\video\crowd_city.mp4,140,2026-06-11T01:37:08,2026-06-11T01:37:08,2160,3840,12,136.39,output\experiments\crowd_city_20260611_013614\annotated_frames\camera_01_frame_000140.jpg,"[{""x1"": 90.25, ""y1"": 1949.88, ""x2"": 920.86, ""y2"": 3838.77, ""confidence"": 0.9407, ""class_id"": 0, ""class_name"": ""person""}, {""x1"": 781.18, ""y1"": 1757.08, ""x2"": 2159.18, ""y2"": 3837.26, ""confidence"": 0.9206, ""class_id"": 0, ""class_name"": ""person""}, {""x1"": 1811.4, ""y1"": 2153.33, ""x2"": 2035.61, ""y2"": 2845.63, ""confidence"": 0.7662, ""class_id"": 0, ""class_name"": ""person""}, {""x1"": 23.78, ""y1"": 2109.35, ""x2"": 273.59, ""y2"": 3826.34, ""confidence"": 0.5559, ""class_id"": 0, ""class_name"": ""person""}, {""x1"": 2016.97, ""y1"": 2205.63, ""x2"": 2160.0, ""y2"": 2900.01, ""confidence"": 0.5526, ""class_id"": 0, ""class_name"": ""person""}, {""x1"": 1919.24, ""y1"": 1968.81, ""x2"": 2053.41, ""y2"": 2304.67, ""confidence"": 0.4975, ""class_id"": 0, ""class_name"": ""person""}, {""x1"": 606.23, ""y1"": 2012.13, ""x2"": 761.87, ""y2"": 2253.03, ""confidence"": 0.4249, ""class_id"": 0, ""class_name"": ""person""}, {""x1"": 168.54, ""y1"": 1983.02, ""x2"": 292.06, ""y2"": 2234.51, ""confidence"": 0.4091, ""class_id"": 0, ""class_name"": ""person""}, {""x1"": 2.29, ""y1"": 2111.66, ""x2"": 269.68, ""y2"": 2792.81, ""confidence"": 0.4044, ""class_id"": 0, ""class_name"": ""person""}, {""x1"": 5.54, ""y1"": 2660.66, ""x2"": 196.46, ""y2"": 3836.47, ""confidence"": 0.4029, ""class_id"": 0, ""class_name"": ""person""}, {""x1"": 1708.35, ""y1"": 2158.41, ""x2"": 1860.59, ""y2"": 2660.32, ""confidence"": 0.3922, ""class_id"": 0, ""class_name"": ""person""}, {""x1"": 11.47, ""y1"": 1845.69, ""x2"": 168.62, ""y2"": 2171.98, ""confidence"": 0.3637, ""class_id"": 0, ""class_name"": ""person""}]"
crowd_city_20260611_013614,camera_01,data\video\crowd_city.mp4,141,2026-06-11T01:37:08,2026-06-11T01:37:08,2160,3840,12,127.59,output\experiments\crowd_city_20260611_013614\annotated_frames\camera_01_frame_000141.jpg,"[{""x1"": 85.21, ""y1"": 1949.31, ""x2"": 905.38, ""y2"": 3838.79, ""confidence"": 0.9435, ""class_id"": 0, ""class_name"": ""person""}, {""x1"": 682.26, ""y1"": 1776.33, ""x2"": 2160.0, ""y2"": 3837.01, ""confidence"": 0.9265, ""class_id"": 0, ""class_name"": ""person""}, {""x1"": 1784.54, ""y1"": 2154.06, ""x2"": 2029.12, ""y2"": 2922.28, ""confidence"": 0.7688, ""class_id"": 0, ""class_name"": ""person""}, {""x1"": 2008.26, ""y1"": 2210.23, ""x2"": 2160.0, ""y2"": 2958.39, ""confidence"": 0.6633, ""class_id"": 0, ""class_name"": ""person""}, {""x1"": 25.62, ""y1"": 2102.87, ""x2"": 267.49, ""y2"": 3827.54, ""confidence"": 0.5984, ""class_id"": 0, ""class_name"": ""person""}, {""x1"": 1918.67, ""y1"": 1968.84, ""x2"": 2056.58, ""y2"": 2314.37, ""confidence"": 0.5043, ""class_id"": 0, ""class_name"": ""person""}, {""x1"": 165.37, ""y1"": 1982.22, ""x2"": 294.79, ""y2"": 2249.42, ""confidence"": 0.4468, ""class_id"": 0, ""class_name"": ""person""}, {""x1"": 13.49, ""y1"": 1845.24, ""x2"": 165.5, ""y2"": 2156.93, ""confidence"": 0.4084, ""class_id"": 0, ""class_name"": ""person""}, {""x1"": 1634.63, ""y1"": 2153.0, ""x2"": 1857.33, ""y2"": 2722.17, ""confidence"": 0.3863, ""class_id"": 0, ""class_name"": ""person""}, {""x1"": 5.39, ""y1"": 2623.64, ""x2"": 180.87, ""y2"": 3838.34, ""confidence"": 0.328, ""class_id"": 0, ""class_name"": ""person""}, {""x1"": 2.49, ""y1"": 2107.78, ""x2"": 263.24, ""y2"": 2784.32, ""confidence"": 0.2602, ""class_id"": 0, ""class_name"": ""person""}, {""x1"": 1712.74, ""y1"": 2147.63, ""x2"": 1842.95, ""y2"": 2396.77, ""confidence"": 0.253, ""class_id"": 0, ""class_name"": ""person""}]"
crowd_city_20260611_013614,camera_01,data\video\crowd_city.mp4,142,2026-06-11T01:37:08,2026-06-11T01:37:09,2160,3840,10,124.25,output\experiments\crowd_city_20260611_013614\annotated_frames\camera_01_frame_000142.jpg,"[{""x1"": 82.86, ""y1"": 1947.03, ""x2"": 772.47, ""y2"": 3839.62, ""confidence"": 0.9318, ""class_id"": 0, ""class_name"": ""person""}, {""x1"": 581.0, ""y1"": 1799.67, ""x2"": 2157.71, ""y2"": 3837.98, ""confidence"": 0.9138, ""class_id"": 0, ""class_name"": ""person""}, {""x1"": 1796.07, ""y1"": 2157.47, ""x2"": 2028.23, ""y2"": 3016.38, ""confidence"": 0.8289, ""class_id"": 0, ""class_name"": ""person""}, {""x1"": 1558.56, ""y1"": 2180.17, ""x2"": 1857.06, ""y2"": 2906.62, ""confidence"": 0.8007, ""class_id"": 0, ""class_name"": ""person""}, {""x1"": 2005.09, ""y1"": 2202.27, ""x2"": 2160.0, ""y2"": 2975.47, ""confidence"": 0.6753, ""class_id"": 0, ""class_name"": ""person""}, {""x1"": 9.39, ""y1"": 2105.58, ""x2"": 265.84, ""y2"": 3819.41, ""confidence"": 0.5176, ""class_id"": 0, ""class_name"": ""person""}, {""x1"": 1919.87, ""y1"": 1970.59, ""x2"": 2059.46, ""y2"": 2315.43, ""confidence"": 0.4989, ""class_id"": 0, ""class_name"": ""person""}, {""x1"": 9.85, ""y1"": 1845.33, ""x2"": 166.63, ""y2"": 2167.41, ""confidence"": 0.4848, ""class_id"": 0, ""class_name"": ""person""}, {""x1"": 152.54, ""y1"": 1982.19, ""x2"": 291.0, ""y2"": 2236.1, ""confidence"": 0.43, ""class_id"": 0, ""class_name"": ""person""}, {""x1"": 1715.14, ""y1"": 2148.85, ""x2"": 1842.05, ""y2"": 2398.95, ""confidence"": 0.3457, ""class_id"": 0, ""class_name"": ""person""}]"
crowd_city_20260611_013614,camera_01,data\video\crowd_city.mp4,143,2026-06-11T01:37:09,2026-06-11T01:37:09,2160,3840,12,137.97,output\experiments\crowd_city_20260611_013614\annotated_frames\camera_01_frame_000143.jpg,"[{""x1"": 482.95, ""y1"": 1827.93, ""x2"": 2158.93, ""y2"": 3837.47, ""confidence"": 0.9068, ""class_id"": 0, ""class_name"": ""person""}, {""x1"": 73.74, ""y1"": 1956.36, ""x2"": 735.42, ""y2"": 3838.58, ""confidence"": 0.9025, ""class_id"": 0, ""class_name"": ""person""}, {""x1"": 1794.44, ""y1"": 2156.33, ""x2"": 2025.9, ""y2"": 3053.55, ""confidence"": 0.8447, ""class_id"": 0, ""class_name"": ""person""}, {""x1"": 1554.93, ""y1"": 2197.85, ""x2"": 1851.71, ""y2"": 2992.41, ""confidence"": 0.7093, ""class_id"": 0, ""class_name"": ""person""}, {""x1"": 2004.22, ""y1"": 2197.73, ""x2"": 2160.0, ""y2"": 2985.72, ""confidence"": 0.6818, ""class_id"": 0, ""class_name"": ""person""}, {""x1"": 10.06, ""y1"": 2105.72, ""x2"": 270.51, ""y2"": 3812.94, ""confidence"": 0.5025, ""class_id"": 0, ""class_name"": ""person""}, {""x1"": 1921.12, ""y1"": 1971.74, ""x2"": 2059.64, ""y2"": 2308.76, ""confidence"": 0.4334, ""class_id"": 0, ""class_name"": ""person""}, {""x1"": 10.36, ""y1"": 1845.66, ""x2"": 163.81, ""y2"": 2148.41, ""confidence"": 0.4239, ""class_id"": 0, ""class_name"": ""person""}, {""x1"": 159.95, ""y1"": 1981.69, ""x2"": 292.49, ""y2"": 2238.01, ""confidence"": 0.3848, ""class_id"": 0, ""class_name"": ""person""}, {""x1"": 1711.92, ""y1"": 2151.27, ""x2"": 1841.26, ""y2"": 2402.0, ""confidence"": 0.3236, ""class_id"": 0, ""class_name"": ""person""}, {""x1"": 0.58, ""y1"": 2112.55, ""x2"": 269.53, ""y2"": 3036.18, ""confidence"": 0.3224, ""class_id"": 0, ""class_name"": ""person""}, {""x1"": 1447.56, ""y1"": 2193.39, ""x2"": 1594.27, ""y2"": 2845.3, ""confidence"": 0.2513, ""class_id"": 0, ""class_name"": ""person""}]"
crowd_city_20260611_013614,camera_01,data\video\crowd_city.mp4,144,2026-06-11T01:37:09,2026-06-11T01:37:09,2160,3840,11,124.2,output\experiments\crowd_city_20260611_013614\annotated_frames\camera_01_frame_000144.jpg,"[{""x1"": 371.9, ""y1"": 1868.55, ""x2"": 2158.06, ""y2"": 3837.45, ""confidence"": 0.8865, ""class_id"": 0, ""class_name"": ""person""}, {""x1"": 64.41, ""y1"": 1952.1, ""x2"": 682.38, ""y2"": 3838.31, ""confidence"": 0.8674, ""class_id"": 0, ""class_name"": ""person""}, {""x1"": 1793.56, ""y1"": 2158.87, ""x2"": 2022.14, ""y2"": 3062.44, ""confidence"": 0.8331, ""class_id"": 0, ""class_name"": ""person""}, {""x1"": 1560.71, ""y1"": 2192.84, ""x2"": 1849.2, ""y2"": 3105.08, ""confidence"": 0.7055, ""class_id"": 0, ""class_name"": ""person""}, {""x1"": 2000.38, ""y1"": 2198.87, ""x2"": 2160.0, ""y2"": 2991.49, ""confidence"": 0.6929, ""class_id"": 0, ""class_name"": ""person""}, {""x1"": 1360.14, ""y1"": 2147.13, ""x2"": 1597.09, ""y2"": 2932.76, ""confidence"": 0.5437, ""class_id"": 0, ""class_name"": ""person""}, {""x1"": 8.0, ""y1"": 2107.19, ""x2"": 273.16, ""y2"": 3819.97, ""confidence"": 0.4587, ""class_id"": 0, ""class_name"": ""person""}, {""x1"": 9.42, ""y1"": 1846.71, ""x2"": 163.82, ""y2"": 2147.99, ""confidence"": 0.3985, ""class_id"": 0, ""class_name"": ""person""}, {""x1"": 0.42, ""y1"": 2107.37, ""x2"": 263.94, ""y2"": 3103.81, ""confidence"": 0.3449, ""class_id"": 0, ""class_name"": ""person""}, {""x1"": 1922.1, ""y1"": 1974.32, ""x2"": 2060.69, ""y2"": 2312.64, ""confidence"": 0.3431, ""class_id"": 0, ""class_name"": ""person""}, {""x1"": 177.07, ""y1"": 1982.82, ""x2"": 294.54, ""y2"": 2241.38, ""confidence"": 0.2672, ""class_id"": 0, ""class_name"": ""person""}]"
crowd_city_20260611_013614,camera_01,data\video\crowd_city.mp4,145,2026-06-11T01:37:09,2026-06-11T01:37:09,2160,3840,10,141.11,output\experiments\crowd_city_20260611_013614\annotated_frames\camera_01_frame_000145.jpg,"[{""x1"": 202.79, ""y1"": 1879.81, ""x2"": 2160.0, ""y2"": 3836.93, ""confidence"": 0.9026, ""class_id"": 0, ""class_name"": ""person""}, {""x1"": 1794.02, ""y1"": 2159.4, ""x2"": 2024.56, ""y2"": 3056.26, ""confidence"": 0.8059, ""class_id"": 0, ""class_name"": ""person""}, {""x1"": 1555.34, ""y1"": 2183.84, ""x2"": 1842.82, ""y2"": 3195.81, ""confidence"": 0.7277, ""class_id"": 0, ""class_name"": ""person""}, {""x1"": 41.96, ""y1"": 2047.23, ""x2"": 581.23, ""y2"": 3836.96, ""confidence"": 0.6433, ""class_id"": 0, ""class_name"": ""person""}, {""x1"": 2001.85, ""y1"": 2200.63, ""x2"": 2160.0, ""y2"": 2995.9, ""confidence"": 0.6427, ""class_id"": 0, ""class_name"": ""person""}, {""x1"": 1296.78, ""y1"": 2145.79, ""x2"": 1602.05, ""y2"": 3032.3, ""confidence"": 0.584, ""class_id"": 0, ""class_name"": ""person""}, {""x1"": 1.26, ""y1"": 2112.8, ""x2"": 263.52, ""y2"": 3668.94, ""confidence"": 0.3899, ""class_id"": 0, ""class_name"": ""person""}, {""x1"": 0.42, ""y1"": 2110.45, ""x2"": 261.76, ""y2"": 3142.44, ""confidence"": 0.3283, ""class_id"": 0, ""class_name"": ""person""}, {""x1"": 6.44, ""y1"": 1848.45, ""x2"": 163.63, ""y2"": 2143.12, ""confidence"": 0.3264, ""class_id"": 0, ""class_name"": ""person""}, {""x1"": 1922.67, ""y1"": 1978.02, ""x2"": 2058.11, ""y2"": 2312.97, ""confidence"": 0.302, ""class_id"": 0, ""class_name"": ""person""}]"
crowd_city_20260611_013614,camera_01,data\video\crowd_city.mp4,146,2026-06-11T01:37:10,2026-06-11T01:37:10,2160,3840,9,128.23,output\experiments\crowd_city_20260611_013614\annotated_frames\camera_01_frame_000146.jpg,"[{""x1"": 110.0, ""y1"": 1898.88, ""x2"": 2160.0, ""y2"": 3836.92, ""confidence"": 0.9081, ""class_id"": 0, ""class_name"": ""person""}, {""x1"": 1793.18, ""y1"": 2158.32, ""x2"": 2025.78, ""y2"": 3058.84, ""confidence"": 0.7945, ""class_id"": 0, ""class_name"": ""person""}, {""x1"": 1551.45, ""y1"": 2183.78, ""x2"": 1840.78, ""y2"": 3237.47, ""confidence"": 0.7019, ""class_id"": 0, ""class_name"": ""person""}, {""x1"": 2002.05, ""y1"": 2196.41, ""x2"": 2160.0, ""y2"": 3005.55, ""confidence"": 0.6258, ""class_id"": 0, ""class_name"": ""person""}, {""x1"": 1285.44, ""y1"": 2159.62, ""x2"": 1603.62, ""y2"": 3139.51, ""confidence"": 0.5905, ""class_id"": 0, ""class_name"": ""person""}, {""x1"": 29.78, ""y1"": 2092.77, ""x2"": 478.24, ""y2"": 3836.94, ""confidence"": 0.4421, ""class_id"": 0, ""class_name"": ""person""}, {""x1"": 1921.72, ""y1"": 1978.35, ""x2"": 2066.04, ""y2"": 2315.65, ""confidence"": 0.3142, ""class_id"": 0, ""class_name"": ""person""}, {""x1"": 5.11, ""y1"": 1849.52, ""x2"": 163.66, ""y2"": 2137.21, ""confidence"": 0.311, ""class_id"": 0, ""class_name"": ""person""}, {""x1"": 2.67, ""y1"": 2128.96, ""x2"": 157.15, ""y2"": 3018.36, ""confidence"": 0.2592, ""class_id"": 0, ""class_name"": ""person""}]"
crowd_city_20260611_013614,camera_01,data\video\crowd_city.mp4,147,2026-06-11T01:37:10,2026-06-11T01:37:10,2160,3840,8,130.18,output\experiments\crowd_city_20260611_013614\annotated_frames\camera_01_frame_000147.jpg,"[{""x1"": 13.44, ""y1"": 1926.55, ""x2"": 2057.3, ""y2"": 3836.59, ""confidence"": 0.9135, ""class_id"": 0, ""class_name"": ""person""}, {""x1"": 1791.63, ""y1"": 2159.78, ""x2"": 2024.38, ""y2"": 3063.42, ""confidence"": 0.7862, ""class_id"": 0, ""class_name"": ""person""}, {""x1"": 1552.58, ""y1"": 2184.14, ""x2"": 1843.13, ""y2"": 3233.14, ""confidence"": 0.6968, ""class_id"": 0, ""class_name"": ""person""}, {""x1"": 1272.93, ""y1"": 2160.11, ""x2"": 1606.73, ""y2"": 3212.44, ""confidence"": 0.6748, ""class_id"": 0, ""class_name"": ""person""}, {""x1"": 2003.0, ""y1"": 2193.16, ""x2"": 2160.0, ""y2"": 3032.14, ""confidence"": 0.6214, ""class_id"": 0, ""class_name"": ""person""}, {""x1"": 1064.62, ""y1"": 2217.9, ""x2"": 1395.46, ""y2"": 3008.12, ""confidence"": 0.5222, ""class_id"": 0, ""class_name"": ""person""}, {""x1"": 1252.05, ""y1"": 2163.48, ""x2"": 1820.72, ""y2"": 3226.82, ""confidence"": 0.3228, ""class_id"": 0, ""class_name"": ""person""}, {""x1"": 1920.19, ""y1"": 1982.8, ""x2"": 2069.68, ""y2"": 2322.8, ""confidence"": 0.2692, ""class_id"": 0, ""class_name"": ""person""}]"
crowd_city_20260611_013614,camera_01,data\video\crowd_city.mp4,148,2026-06-11T01:37:10,2026-06-11T01:37:10,2160,3840,8,120.31,output\experiments\crowd_city_20260611_013614\annotated_frames\camera_01_frame_000148.jpg,"[{""x1"": 5.49, ""y1"": 1934.32, ""x2"": 1914.34, ""y2"": 3836.83, ""confidence"": 0.9208, ""class_id"": 0, ""class_name"": ""person""}, {""x1"": 1790.9, ""y1"": 2160.97, ""x2"": 2024.66, ""y2"": 3066.35, ""confidence"": 0.7889, ""class_id"": 0, ""class_name"": ""person""}, {""x1"": 1555.57, ""y1"": 2200.25, ""x2"": 1847.18, ""y2"": 3237.31, ""confidence"": 0.7226, ""class_id"": 0, ""class_name"": ""person""}, {""x1"": 915.75, ""y1"": 2188.7, ""x2"": 1392.16, ""y2"": 3126.75, ""confidence"": 0.6851, ""class_id"": 0, ""class_name"": ""person""}, {""x1"": 1222.53, ""y1"": 2153.56, ""x2"": 1598.88, ""y2"": 3256.35, ""confidence"": 0.6584, ""class_id"": 0, ""class_name"": ""person""}, {""x1"": 2000.15, ""y1"": 2201.19, ""x2"": 2160.0, ""y2"": 3054.17, ""confidence"": 0.5594, ""class_id"": 0, ""class_name"": ""person""}, {""x1"": 4.16, ""y1"": 1851.83, ""x2"": 157.52, ""y2"": 2145.05, ""confidence"": 0.295, ""class_id"": 0, ""class_name"": ""person""}, {""x1"": 1924.49, ""y1"": 1986.01, ""x2"": 2065.82, ""y2"": 2321.02, ""confidence"": 0.2751, ""class_id"": 0, ""class_name"": ""person""}]"
crowd_city_20260611_013614,camera_01,data\video\crowd_city.mp4,149,2026-06-11T01:37:10,2026-06-11T01:37:11,2160,3840,7,138.72,output\experiments\crowd_city_20260611_013614\annotated_frames\camera_01_frame_000149.jpg,"[{""x1"": 0.51, ""y1"": 1953.36, ""x2"": 1768.57, ""y2"": 3837.18, ""confidence"": 0.9229, ""class_id"": 0, ""class_name"": ""person""}, {""x1"": 846.83, ""y1"": 2194.77, ""x2"": 1390.69, ""y2"": 3277.85, ""confidence"": 0.843, ""class_id"": 0, ""class_name"": ""person""}, {""x1"": 1787.94, ""y1"": 2160.02, ""x2"": 2024.77, ""y2"": 3068.8, ""confidence"": 0.7467, ""class_id"": 0, ""class_name"": ""person""}, {""x1"": 1553.02, ""y1"": 2194.36, ""x2"": 1843.85, ""y2"": 3230.55, ""confidence"": 0.6838, ""class_id"": 0, ""class_name"": ""person""}, {""x1"": 1199.79, ""y1"": 2156.71, ""x2"": 1830.0, ""y2"": 3258.98, ""confidence"": 0.6209, ""class_id"": 0, ""class_name"": ""person""}, {""x1"": 1209.46, ""y1"": 2154.66, ""x2"": 1615.38, ""y2"": 3278.71, ""confidence"": 0.5495, ""class_id"": 0, ""class_name"": ""person""}, {""x1"": 2001.32, ""y1"": 2201.85, ""x2"": 2160.0, ""y2"": 3066.93, ""confidence"": 0.4972, ""class_id"": 0, ""class_name"": ""person""}]"
crowd_city_20260611_013614,camera_01,data\video\crowd_city.mp4,150,2026-06-11T01:37:11,2026-06-11T01:37:11,2160,3840,10,134.4,output\experiments\crowd_city_20260611_013614\annotated_frames\camera_01_frame_000150.jpg,"[{""x1"": 4.02, ""y1"": 1964.96, ""x2"": 1653.01, ""y2"": 3834.83, ""confidence"": 0.9272, ""class_id"": 0, ""class_name"": ""person""}, {""x1"": 791.28, ""y1"": 2180.32, ""x2"": 1422.12, ""y2"": 3355.21, ""confidence"": 0.9059, ""class_id"": 0, ""class_name"": ""person""}, {""x1"": 1783.66, ""y1"": 2160.1, ""x2"": 2023.78, ""y2"": 3071.79, ""confidence"": 0.7429, ""class_id"": 0, ""class_name"": ""person""}, {""x1"": 1547.99, ""y1"": 2188.15, ""x2"": 1843.76, ""y2"": 3224.96, ""confidence"": 0.6944, ""class_id"": 0, ""class_name"": ""person""}, {""x1"": 1218.16, ""y1"": 2180.42, ""x2"": 1613.11, ""y2"": 3274.57, ""confidence"": 0.6405, ""class_id"": 0, ""class_name"": ""person""}, {""x1"": 1213.82, ""y1"": 2179.83, ""x2"": 1825.68, ""y2"": 3258.32, ""confidence"": 0.6118, ""class_id"": 0, ""class_name"": ""person""}, {""x1"": 2000.21, ""y1"": 2203.04, ""x2"": 2159.08, ""y2"": 3078.0, ""confidence"": 0.5478, ""class_id"": 0, ""class_name"": ""person""}, {""x1"": 1925.25, ""y1"": 1985.64, ""x2"": 2059.12, ""y2"": 2324.0, ""confidence"": 0.2699, ""class_id"": 0, ""class_name"": ""person""}, {""x1"": 1070.19, ""y1"": 2222.01, ""x2"": 1309.0, ""y2"": 2604.72, ""confidence"": 0.2586, ""class_id"": 0, ""class_name"": ""person""}, {""x1"": 1004.39, ""y1"": 1899.86, ""x2"": 1127.54, ""y2"": 2212.45, ""confidence"": 0.2506, ""class_id"": 0, ""class_name"": ""person""}]"
